ὁ	260	19787
καί	260	8982
ἐν	259	2733
αὐτός	253	5069
εἰς	252	1764
πᾶς	247	1243
ὅς	246	1407
οὔ	244	1621
θεός	241	1307
ὅτι	240	1293
δέ	238	2779
μήγε	237	1041
γάρ	226	1038
ἐκ	222	914
διά	220	666
ἐπί	219	888
ἔχω	218	708
G2076	213	896
ἀπό	210	645
ἵνα	210	663
λέγω	206	1335
Ἰησοῦς	205	907
γίνομαι	204	668
ἀλλά	203	637
κύριος	197	715
πρός	193	697
ὡς	189	503
ποιέω	187	567
ἔρχομαι	181	634
εἰ	181	501
ἄνθρωπος	181	550
τις	179	530
κατά	174	470
τίς	171	556
μετά	169	470
G5213	169	607
G5124	164	318
δίδωμι	164	415
ὁράω	162	476
πολύς	161	356
G5216	161	560
ἡμέρα	160	389
Χριστός	159	528
πνεῦμα	156	379
ἀκούω	156	428
G3450	155	564
λόγος	155	329
ἑαυτοῦ	154	504
οὖν	151	494
G1438	149	319
G1473	148	453
ἤ	147	344
ἐγώ	147	399
ἀδελφός	143	342
περί	142	333
προπάτωρ	139	414
G5209	139	431
G2036	138	922
ἐάνπερ	138	337
εἰμί	137	427
G3778	137	339
οἶδα	134	292
υἱός	133	376
σύ	131	478
οὕτω(ς)	126	207
οὐδείς	126	234
λαμβάνω	125	257
λαλέω	125	296
οὗτος	121	233
ὑπό	118	220
θέλω	117	208
ἅγιος	116	222
G3427	116	225
δύναμαι	116	209
G5210	116	236
εἷς	115	265
γινώσκω	114	221
ἐκεῖνος	114	242
ἐνισχύω	114	273
ὄνομα	110	229
παρά	107	192
G3165	107	288
εἰμί	106	158
γράφω	106	192
μέν	104	178
G4671	103	213
ἐκβαίνω	102	218
γῆ	101	250
ἐγώ	101	168
εὑρίσκω	100	176
χείρ	100	176
καρδία	100	156
πίστις	100	242
καθώς	100	182
νῦν	97	145
ὅστις	96	139
πιστεύω	96	241
ἵστημι	95	155
οὐδέ	94	143
ἔργον	94	169
ἰδού	92	200
G2071	92	191
ἄν	90	167
G1526	90	157
δόξα	90	165
G2248	90	166
μέγας	89	194
εἰσέρχομαι	88	193
ζάω	87	140
G1511	86	124
χάρις	86	156
G4571	83	197
ἀποκρίνομαι	82	231
κόσμος	82	185
ἔθνος	82	161
δύναμις	82	119
σύ	81	174
ἄγγελος	80	175
βασιλεία	80	162
G2249	80	127
καλέω	79	148
ἐγείρω	79	143
Πόλις	79	163
ἕως	78	146
ἄλλος	78	155
μαθητής	78	262
ὑπέρ	77	150
σύν	77	129
γυνή	76	215
προφήτης	76	144
ὅταν	76	123
ἴδιος	76	114
G5026	76	118
δεῖ	76	101
ἁμαρτία	75	173
μέλλω	75	109
πάλιν	75	141
βλέπω	75	132
τότε	74	159
πορεύομαι	74	153
G1510	74	138
ὅσος	74	110
ἀνήρ	73	216
παρακαλέω	73	109
λαός	72	142
ἀποστέλλω	72	132
δύο	72	135
ζωή	72	135
ὁπότε	72	103
εἰρήνη	71	91
αἰών	71	121
ζητέω	70	117
σάρξ	70	147
σῴζω	69	106
ὅλος	69	108
ψυχή	69	103
νεκρός	69	128
ἀπέρχομαι	68	117
καιρός	68	85
πληρόω	67	86
ἀφίημι	67	143
θάνατος	67	120
πῶς	67	103
ὁδός	66	101
τέκνον	66	99
διδάσκω	66	97
τίθημι	66	100
τέ	66	214
ἐκεῖ	65	95
παραδίδωμι	65	119
ὄχλος	65	175
ἀμήν	65	128
ἀγαθοποιέω	65	102
ἀλλήλων	65	100
φωνή	64	139
περαιτέρω	64	99
ἐξουσία	64	102
μηδείς	64	90
δοῦλος	64	124
συμπίπτω	63	91
περιπατέω	63	95
G5129	63	89
ἀλήθεια	63	109
φοβέομαι	62	95
ὥρα	62	106
οἶκος	62	114
ἀγάπη	62	116
τόπος	61	94
ἔτι	60	93
ἀγαπάω	60	143
G4413	60	95
ἀπόλλυμι	59	90
πούς	59	93
κρίνω	59	114
ὥστε	59	83
δίκαιος	58	79
Ἰουδαῖος	58	194
πρόσωπον	58	76
ἕκαστος	58	82
ἀναβαίνω	57	82
νόμος	57	194
ἀναπηδάω	57	110
μένω	57	118
βάλλω	56	121
κάθημαι	56	91
πρῶτον	56	61
ὀφθαλμός	56	100
μᾶλλον	56	81
G1698	56	92
οἰκία	55	93
δικαιοσύνη	55	91
αἴρω	55	101
σῶμα	55	142
μόνον	55	66
ἐνώπιον	55	94
χαίρω	53	74
καταβαίνω	53	81
στόμα	53	78
G2075	53	93
βασιλεύς	52	115
G1488	52	92
καλός	52	100
G3391	52	79
ἀπόστολος	52	79
αἷμα	52	97
ἐκκλησία	52	114
κἀγώ	51	84
Ἰωάννης	51	135
G5130	51	72
ὅπου	51	82
νύξ	49	61
ὑπάγω	49	79
ἄρχω	49	84
προσεύχομαι	49	85
G2046	49	72
ἀποθνῄσκω	49	111
G5127	49	68
δοκέω	48	62
ἤδη	48	60
Θάλασσα	48	91
πονηρός	48	76
G5600	48	69
θέλημα	48	62
ἀνοίγω	47	77
προσέρχομαι	47	85
ῥῆμα	47	68
Πέτρος	47	156
Μωϋσῆς	47	80
μέσος	47	58
G1691	47	90
πέμπω	46	79
πῦρ	46	71
ἀκολουθέω	46	90
εὐαγγέλιον	46	75
Τρεῖς	46	68
πιστός	46	67
κηρύσσω	45	61
ἔξω	45	62
ἐσθίω	45	93
διδάσκαλος	45	59
τοιοῦτος	45	57
ἀποκτείνω	45	74
ἀρχιερεύς	44	122
χαρά	44	59
ὄρος	44	63
δοξάζω	44	61
ἄγω	44	67
αἰώνιος	44	69
χρόνος	43	53
ὕδωρ	43	76
πρό	43	47
G4119	43	55
κεφαλή	43	75
φέρω	43	66
ἐμός	43	76
διό	43	53
Φαρισαῖος	42	97
μηδέ	42	56
ἐκβάλλω	42	81
ὧδε	42	61
σημεῖον	42	77
πρεσβύτερος	42	66
ἐρωτάω	42	63
G5126	42	60
μαρτυρέω	42	76
γραμματεύς	41	63
φῶς	41	73
ἀρχή	41	55
ἄχρις	41	49
Ἰσραήλ	40	68
χρεία	40	49
ἀγαπητός	40	61
φημί	40	65
οὐχί	40	54
θεωρέω	40	58
G2070	40	52
μήτηρ	39	83
καθίζω	39	46
ἱμάτιον	39	60
ἄρα	39	49
τηρέω	39	70
πείθω	39	52
ἐλπίς	39	53
δεξιός	38	54
λοιπός	38	40
Ἰερουσαλήμ	38	77
Παῦλος	38	158
παραλαμβάνω	37	49
Ἱεροσόλυμα	37	62
συνάγω	37	59
Γαλιλαία	37	61
συναγωγή	37	56
ἐντολή	37	66
αἰτέω	37	70
κράζω	37	55
εὐαγγελίζω	37	54
κακός	37	50
Ἰουδαία	36	44
προσκυνέω	36	60
ὅπως	36	53
μόνος	36	47
ἔμπροσθεν	36	48
G1208	36	43
σωτηρία	36	46
ἱερόν	35	71
σεαυτοῦ	35	43
ἀποδίδωμι	35	48
δώδεκα	35	75
δέχομαι	35	56
τρίτον	35	56
οὐκέτι	35	47
γραφή	35	49
μέρος	34	42
λίθος	34	59
ἄρτος	34	97
ἔσχατος	34	52
ὀλίγως	34	42
ἐκθαυμάζω	34	44
μείζων	34	46
ἑπτά	34	88
φόβος	34	47
πάντοτε	34	41
φανερόω	34	48
G5225	34	46
Δαυίδ	33	59
βούλομαι	33	37
ἀπολείπω	33	67
καρπός	33	66
ἐπιγινώσκω	33	44
τέλος	33	40
ἀγγέλλω	32	46
μακάριος	32	50
οὔτε	32	87
πίνω	32	72
ἐργάζομαι	32	41
ἐπερωτάω	32	56
θλῖψις	32	45
πάσχω	32	42
ποῦ	31	48
βαπτίζω	31	77
διώκω	31	45
σήμερον	31	41
κρατέω	31	47
εὐχαριστέω	31	38
μάρτυς	31	35
δυνατός	31	32
τιμή	31	41
γεννάω	30	97
παραγίνομαι	30	37
ἔρημος	30	48
ἐγγίζω	30	42
Σίμων	30	75
θρόνος	30	62
G1210	30	43
διέρχομαι	30	41
κατευλογέω	30	42
προσευχή	30	36
ἐπιθυμία	30	38
προσφέρω	29	47
κατοικίζω	29	45
ἑτοιμάζω	29	40
ὀργή	29	36
πειράζω	29	38
Ἰάκωβος	29	42
θεραπεύω	29	43
λύω	29	42
περισσεύω	29	39
ἥλιος	29	32
ὥσπερ	29	36
δαιμόνιον	29	62
οἰκοδόμος	29	41
δυσφημέω	29	35
καινός	29	42
ἐπιτίθημι	29	39
ἐπιστρέφω	29	36
σοφία	29	51
σάββατον	29	68
ἐπαγγελία	29	52
ὀπίσω	28	35
ἱκανός	28	39
Σατανᾶς	28	36
σκότος	28	31
εὐθέως	28	35
κρίσις	28	47
μισέω	28	40
ἅπας	28	34
ἔτος	28	49
μικρός	28	33
χωρίς	28	41
πλανάω	28	39
Ἀβραάμ	27	73
φεύγω	27	29
ἄξιος	27	41
δείκνυμι	27	33
θύρα	27	39
ἔσθω	27	65
ἄρχων	27	37
ἐλπίζω	27	31
ἁμαρτάνω	27	43
φυλάσσω	27	31
φωνέω	27	43
πράσσω	27	39
γενεά	26	43
εὐθύς	26	59
διακονέω	26	37
φυλακή	26	47
ἁμαρτωλός	26	47
καλῶς	26	36
ὀφείλω	26	35
παρίστημι	26	41
ὑπομονή	26	32
Ἰωδά	25	42
φαίνω	25	31
ἐκπορεύομαι	25	33
ἰσχύω	25	28
κρίμα	25	27
ὁμοίως	25	31
πλῆθος	25	31
γλῶσσα	25	50
διακονία	25	34
χώρα	24	28
βαστάζω	24	27
ἄρτι	24	36
Διάβολος	24	37
πτωχός	24	34
ναί	24	33
ἐχθρός	24	32
ἀσπάζομαι	24	60
τελέω	24	28
παραγγέλλω	24	32
οὖς	24	36
ἀρνέομαι	24	33
πλήν	24	31
παραβολή	24	50
ἀγοράζω	24	30
ποῖος	24	33
ἀνάστασις	24	42
παρρησία	24	31
ὑποστρέφω	24	35
λογίζομαι	24	40
παιδίον	23	52
οὗ	23	24
κλαίω	23	40
καταλείπω	23	24
διδαχή	23	30
ἐμαυτοῦ	23	37
ἀκάθαρτος	23	32
ὅμοιος	23	45
ἔξεστι(ν)	23	31
σπέρμα	23	43
γνῶσις	23	29
συνέρχομαι	22	30
μετανοέω	22	34
μήποτε	22	25
ἐκεῖθεν	22	27
πλοῖον	22	67
ἐνδύω	22	28
ἅπτω	22	34
τυφλός	22	50
προσκαλέομαι	22	29
ἀναγινώσκω	22	32
πέντε	22	38
ἐπεί	22	26
διάκονος	22	29
ναός	22	45
τέσσαρες	22	40
ἀληθινός	22	28
ἰσχυρός	21	29
παρέρχομαι	21	29
πορνεία	21	25
ἁγιάζω	21	28
πόσος	21	27
ἀγρός	21	36
αὔξω	21	23
G5128	21	28
καθαρίζω	21	31
ἱερεύς	21	31
ἰάομαι	21	26
ἐπιτιμάω	21	29
οἶνος	21	34
ἀσθενέω	21	34
ἐπικαλέω	21	30
δικαιόω	21	39
μυστήριον	21	27
πόθεν	21	29
κωλύω	21	23
πλούσιος	21	28
ἐγγύς	21	30
ἀγνοέω	21	22
Μαριάμ	20	54
ἡγέομαι	20	28
ἐλεάω	20	32
δουλεύω	20	25
ὁμολογέω	20	26
ἥκω	20	26
ἀσθένεια	20	24
μανθάνω	20	25
θυγάτηρ	20	28
ἀποκαλύπτω	20	26
οὐαί	20	46
οὔπω	20	26
ἀληθής	20	26
G2252	20	28
διαθήκη	20	33
παράκλησις	20	29
ὑποτάσσω	20	38
δοκιμασία	20	23
ἀδικία	20	25
ποτέ	20	29
Τιμόθεος	20	24
G4893	20	30
Ἰωσήχ	19	36
προάγω	19	20
ἀντί	19	22
κεῖμαι	19	24
ἀκοή	19	24
καθαρός	19	26
εἵνεκεν	19	26
μισθός	19	29
σκανδαλίζω	19	30
προσέχω	19	24
γέ	19	20
κοπιάω	19	23
σός	19	27
πρόβατον	19	39
προφητεύω	19	28
μαρτύριον	19	19
ἔλεος	19	27
θυσία	19	28
φίλος	19	29
κἀκεῖνος	19	22
ἐπαίρω	19	19
σταυρόω	19	46
μηκέτι	19	22
ἴδε	19	30
ἀσθενής	19	26
πάρειμι	19	25
μαρτυρία	19	37
σωτήρ	19	24
Ἕλλην	19	25
μετάνοια	18	22
εὐδοκέω	18	21
λατρεύω	18	21
μιμνῄσκομαι	18	21
λευκός	18	25
στρέφω	18	21
θεάομαι	18	22
φιλέω	18	25
παρεμβάλλω	18	24
κώμη	18	27
δέομαι	18	22
σταυρός	18	27
σκεῦος	18	23
κοιλία	18	23
ἀδελφή	18	25
σύνιημι	18	26
πλοῦτος	18	22
G5025	18	20
μνημονεύω	18	21
ὁμίχλη	18	26
βιβλίον	18	34
εἰκών	18	23
διότι	18	23
τελειόω	18	23
νοῦς	18	24
περιτομή	18	36
εἴτε	18	65
ἀναιρέω	17	24
παῖς	17	24
Ἠσαΐας	17	22
βάπτισμα	17	19
πέραν	17	23
πειρασμός	17	21
ἄνεμος	17	31
τοσοῦτος	17	20
ὑπακούω	17	21
μνημεῖον	17	40
ἐκχέω	17	27
πωλέω	17	22
ποτήριον	17	31
ἐνεργέω	17	21
ἀληθῶς	17	18
κόπος	17	18
ἐφίστημι	17	21
γνωρίζω	17	23
νικάω	17	28
καταργέω	17	27
πνευματικός	17	26
ἐπίγνωσις	17	20
ἐγκαυχάομαι	17	37
ῥέω	16	24
ὡσεί	16	21
ἀνάγω	16	23
τεσσεράκοντα	16	22
πεινάω	16	23
θυσιαστήριον	16	23
ἐπιθυμέω	16	16
μήτι	16	17
ἐπιβάλλω	16	18
Φίλιππος	16	36
ἀναβλέπω	16	25
μέχρι(ς)	16	17
φανερός	16	18
παρατίθημι	16	19
λυπέω	16	26
εἰσπορεύομαι	16	18
φρονέω	16	26
φυλή	16	31
ἀδικέω	16	28
παρουσία	16	24
παρέχω	16	16
ἄφεσις	16	17
στέφανος	16	18
θηρίον	16	46
G5125	16	19
νυνί	16	20
κατεργάζομαι	16	22
ταράσσω	15	17
ἐπάνω	15	19
κακῶς	15	16
κληρονομέω	15	18
καταλύω	15	17
σύμφορον	15	17
τέλειος	15	19
κελεύω	15	25
ἐπιτρέπω	15	18
πλήρωμα	15	17
μάχαιρα	15	29
διατάσσω	15	16
ὑψόω	15	20
βλασφημία	15	18
γένος	15	20
ἐπιλαμβάνομαι	15	19
ὠφελέω	15	15
ὦ	15	17
διακρίνω	15	19
ἄπιστος	15	23
ἐλεύθερος	15	23
ἐλέγχω	15	17
αἰτία	15	20
ὑστερέω	15	16
κἄν	15	17
πίμπλημι	15	24
ἐκλεκτός	15	22
ἑορτή	15	25
G5123	15	17
τρέχω	15	20
ἐκλέγομαι	15	22
ἐπαγγέλλομαι	15	15
δέησις	15	18
κατέχω	15	17
χαρίζομαι	15	23
κοινωνία	15	19
ἐπιστολή	15	24
Μακεδονία	15	22
Ἰακώβ	14	27
Ἡρῴδης	14	43
δένδρον	14	25
ἐντέλλομαι	14	15
χορτάζω	14	16
κρύπτω	14	18
συνέδριον	14	22
κριτής	14	19
γαμέω	14	29
προστίθημι	14	18
ἀπώλεια	14	18
στρατιώτης	14	26
ὀψία	14	15
Νέα	14	24
Ἠλίας	14	29
κατηγορέω	14	23
ἐξίστημι	14	17
κατακρίνω	14	18
ὅθεν	14	15
πλήρης	14	16
διδασκαλία	14	21
γεύομαι	14	15
ἀνάγκη	14	17
ὡσαύτως	14	17
παραχρῆμα	14	18
ἕτοιμος	14	17
τολμάω	14	16
πόλεμος	14	18
οἰκουμένη	14	15
τέρας	14	16
καθίστημι	14	21
ἀργύριον	14	20
πάσχα	14	29
ξύλον	14	20
ἀποκάλυψις	14	17
θυμός	14	18
παύω	14	15
συνιστάνω	14	16
ἀριθμός	14	18
ζῆλος	14	16
ἐπουράνιος	14	19
Ἀσία	14	18
μακροθυμία	14	14
Ἰσαάκ	13	20
ἀστήρ	13	24
δῶρον	13	19
βασιλεύω	13	21
θρίξ	13	15
σιτίον	13	15
Καφαρναούμ	13	16
καταρτίζω	13	13
νομίζω	13	15
ὀμνύω	13	26
G2077	13	14
πλησίον	13	17
κλείω	13	16
ὁμοιόω	13	15
ῥύομαι	13	17
ἐπισπείρω	13	53
ἐκπλήσσομαι	13	13
ἐκτείνω	13	16
ἐμβαίνω	13	16
καθεύδω	13	22
ὑπομένω	13	17
κατεσθίω	13	14
ξηραίνω	13	15
προφητεία	13	19
σκάνδαλον	13	15
βρῶμα	13	17
τιμάω	13	21
διαλογισμός	13	14
τράπεζα	13	15
σκηνή	13	20
πολλάκις	13	18
δέκα	13	25
κληρονομία	13	14
Καῖσαρ	13	29
τρόπος	13	13
προλέγω	13	15
γρηγορέω	13	22
G3063	13	13
συλλαμβάνω	13	16
δεσμόν	13	18
κτίσις	13	19
κενός	13	18
χήρα	13	26
ἐπίσταμαι	13	14
προσδέχομαι	13	14
μήν	13	18
ἀφίσταμαι	13	14
πληγή	13	22
διαμαρτύρομαι	13	15
τυπικῶς	13	16
καταγγέλλω	13	18
εὐχαριστία	13	15
πώς	13	14
θησαυρός	12	17
λίαν	12	12
Ναζωραῖος	12	13
τροφή	12	16
ποταμός	12	17
ῥίζα	12	17
δεῦτε	12	12
λύχνος	12	14
ὑπηρέτης	12	20
ἀνθίστημι	12	14
τελώνης	12	21
κρυφαῖος	12	19
πετεινόν	12	14
διαφέρω	12	13
χόρτος	12	15
ἐπιζητέω	12	13
ὄφις	12	14
ἀπάγω	12	15
οὐδέποτε	12	16
ἀνομία	12	15
σπλαγχνίζομαι	12	12
γονεύς	12	20
προσδοκάω	12	16
χωλός	12	14
σαλεύω	12	15
πρόθεσις	12	12
ἑκατόν	12	17
κλάω	12	14
νοέω	12	14
ἕξ	12	13
πότε	12	19
δηνάριον	12	16
κτίζω	12	15
ὑπάρχω	12	14
ἕκτος	12	14
ἐλαία	12	13
λῃστής	12	15
δέρω	12	15
κληρονόμος	12	15
διάνοια	12	12
οἰκοδομή	12	18
μακρόθεν	12	14
δέσμιος	12	16
κοιμάομαι	12	18
ἐπαύριον	12	17
ἀθετέω	12	16
καταλαμβάνω	12	14
γόνυ	12	12
ἔθος	12	12
G1498	12	12
κράτος	12	12
περιτέμνω	12	17
γνωστός	12	15
ἀτενίζω	12	14
κατέρχομαι	12	15
τυγχάνω	12	12
ἀπειθέω	12	14
ἐπιμένω	12	16
ἀρνίον	12	30
καταντάω	12	13
χάρισμα	12	17
καθώσπερ	12	14
πάθημα	12	16
εὐλογία	12	16
κρείττων	12	17
χρυσοῦς	12	18
πρίν	11	13
ἡγεμών	11	20
ποιμαίνω	11	11
ἀναχωρέω	11	14
τελευτάω	11	11
βοάω	11	12
Ἰορδάνης	11	15
συνέχω	11	12
διψάω	11	16
ψεύδομαι	11	12
καίω	11	12
μέλος	11	34
μήτε	11	34
κλέπτης	11	16
κατανοέω	11	14
ἰχθύς	11	20
φρόνιμος	11	14
βασανίζω	11	12
σεισμός	11	14
μεταβαίνω	11	12
χείρων	11	11
ἀμφότεροι	11	14
ἐργάτης	11	16
ῥάβδος	11	12
περισσότερος	11	15
ἁρπάζω	11	14
ἀγορά	11	11
ἀναπαύω	11	12
ἀνά	11	13
καταβολή	11	11
ἀρέσκω	11	17
πρωΐ	11	12
διαλογίζομαι	11	16
Καισάρεια	11	17
ἀνέχομαι	11	15
ἐντεῦθεν	11	12
ταπεινόω	11	14
πρᾶγμα	11	11
κολλάομαι	11	12
ὕψιστος	11	13
ῥαββί	11	15
λιμός	11	12
οἷος	11	14
τύπτω	11	13
γυμνός	11	15
Πιλᾶτος	11	55
σφραγίζω	11	15
εἶτα	11	15
ἐξαποστέλλω	11	13
ἐνιαυτός	11	14
ὑμέτερος	11	11
θεμέλιον	11	16
βουλή	11	12
στηρίζω	11	12
φωτίζω	11	11
εὐφραίνω	11	14
ἀνακρίνω	11	16
ἀναγγέλλω	11	14
ὁμοθυμαδόν	11	11
ἀκροβυστία	11	20
Ἔφεσος	11	16
μάλιστα	11	12
πραΰτης	11	11
βίβλος	10	10
ἐλάχιστος	10	13
σφόδρα	10	11
ἐμπαιγμονή	10	14
ἐξομολογέω	10	10
ὑπόδημα	10	10
ὑψηλός	10	11
Ἀνδρέας	10	13
Ζεβεδαῖος	10	12
νόσος	10	11
ποικίλος	10	10
ἀγαλλιάω	10	11
κἀκεῖ	10	10
μοιχεύω	10	15
ὀδούς	10	12
χιτών	10	11
ὑποκριτής	10	17
ἀπέχω	10	12
παράπτωμα	10	19
κλέπτω	10	13
ἐμβλέπω	10	12
θερίζω	10	21
κακία	10	11
ψευδοπροφήτης	10	11
πέτρα	10	15
ἑκατοντάρχης	10	20
ἀνάκειμαι	10	14
παλαιός	10	19
ποιμήν	10	18
Ἰσκαριώθ	10	11
θανατόω	10	11
οἰκοδεσπότης	10	12
ποτίζω	10	15
σοφός	10	19
ἤπιος	10	15
ἅμα	10	10
ὀλιγοπιστία	10	12
ἀναπίπτω	10	12
κερδαίνω	10	17
ἀλλότριος	10	14
σιωπάω	10	10
θύω	10	14
μέλει	10	10
ὑποκάτω	10	11
δεῖπνον	10	16
ἀκαθαρσία	10	10
πληθύνω	10	12
ἐάω	10	11
δόλος	10	11
πλάνη	10	10
ἐπιπίπτω	10	11
βροντή	10	12
κοινός	10	14
ἀπολαμβάνω	10	10
κἀκεῖθεν	10	10
ἐξάγω	10	12
ὑγιαίνω	10	12
καταισχύνω	10	13
γράμμα	10	14
ἔπειτα	10	16
ἐξουθενέω	10	11
παιδεύω	10	13
δωρεά	10	11
πρότερος	10	10
χρυσίον	10	12
Βαρναβᾶς	10	28
τίμιος	10	13
εἴδωλον	10	11
ὑπακοή	10	14
καύχημα	10	11
κλῆσις	10	11
συνεργός	10	13
περισσοτέρως	10	12
ἀναστροφή	10	13
ζῷον	10	23
Σολομῶν	9	12
τίκτω	9	18
ἀνατολή	9	11
πυνθάνομαι	9	12
Αἴγυπτος	9	25
ὅριον	9	12
κάτω	9	10
θνῄσκω	9	9
Ναζαρέθ	9	12
βαπτιστής	9	12
κατακαίω	9	12
περιστερά	9	10
ὕστερον	9	11
ἀνατέλλω	9	9
δαιμονίζομαι	9	13
ὀνειδίζω	9	9
φονεύω	9	12
μωρός	9	12
ταχύ	9	12
ὑπερεκπερισσοῦ	9	10
ἀποστρέφω	9	9
ἄδικος	9	12
γωνία	9	9
πλατύς	9	9
καταφρονέω	9	9
αὔριον	9	14
μέτρον	9	14
θλίβω	9	10
λεπρός	9	9
ὑπαντάω	9	10
μακράν	9	10
κωφός	9	14
G4653	9	16
μερίζω	9	14
κοσμέω	9	10
διωγμός	9	10
πιπράσκω	9	9
ἀφορίζω	9	10
προσλαμβάνομαι	9	12
μεταξύ	9	9
ἀδύνατος	9	10
Βηθανία	9	12
συκῆ	9	16
κοινωνός	9	10
ἀστραπή	9	9
σελήνη	9	9
σάλπιγξ	9	11
ἔλαιον	9	11
κομίζω	9	10
ξένος	9	14
ἀφαιρέω	9	10
ἔσω	9	9
Γαλιλαῖος	9	11
φθόνος	9	9
σχίζω	9	11
ἄνωθεν	9	13
κατάκειμαι	9	12
προσκαρτερέω	9	10
στήκω	9	9
πηγή	9	11
συγγενίς	9	12
χιλίαρχος	9	21
πλεονεξία	9	10
ἰσχύς	9	10
ἀναλαμβάνω	9	13
ἐπεισέρχομαι	9	10
σπλάγχνον	9	11
εἰσάγω	9	11
δεσπότης	9	10
ἐπειδή	9	10
ταχέως	9	10
εἴκοσι(ν)	9	11
ἀπολύτρωσις	9	10
λύπη	9	16
Ἰσραηλίτης	9	9
πιάζω	9	12
εὐσέβεια	9	15
G390	9	9
ζηλεύω	9	12
ἐπιποθέω	9	9
φύσις	9	14
ἔρις	9	9
ἐνδείκνυμι	9	11
ἔπαινος	9	11
καύχησις	9	11
ἐλευθερία	9	11
ἅπαξ	9	14
σπουδάζω	9	11
γαστήρ	8	9
χρυσός	8	10
χρηματίζω	8	9
κλαυθμός	8	9
περίχωρος	8	9
Σαδδουκαῖος	8	14
γένημα	8	8
ἐκκόπτω	8	10
πενθέω	8	10
λυχνία	8	12
ἀρχαῖος	8	11
ὀργίζομαι	8	8
ὅρκος	8	10
βρῶσις	8	11
μεριμνάω	8	19
τρέφω	8	9
πύλη	8	10
ἄκανθα	8	14
κλινάριον	8	10
παράγω	8	10
σχίσμα	8	8
Θωμᾶς	8	11
δωρεάν	8	9
Σόδομα	8	9
κάλαμος	8	12
κατασκευάζω	8	11
κόπτω	8	8
ᾅδης	8	10
εὐδοκία	8	9
ταπεινός	8	8
ἀποκαθίστημι	8	8
κήρυγμα	8	8
βάθος	8	8
τριάκοντα	8	11
ἀποτίθημι	8	9
ἀναγκάζω	8	9
ἐναντίος	8	8
τέταρτος	8	10
φυτεύω	8	11
χωρέω	8	10
φόνος	8	9
ἀναφέρω	8	10
ὅραμα	8	12
χωρίζω	8	13
νεανίσκος	8	11
δεῦρο	8	9
κατέναντι	8	8
ἐντρέπω	8	9
ἀποδοκιμάζω	8	9
κινέω	8	8
ἀσπασμός	8	10
ἔξωθεν	8	13
γέμω	8	11
ἀρκέω	8	8
διασκορπίζω	8	9
ἐπισκέπτομαι	8	11
αὐλή	8	12
τρίς	8	12
προέρχομαι	8	9
παιδίσκη	8	13
βῆμα	8	12
διαμερίζω	8	11
κλῆρος	8	10
ἐγκαταλείπω	8	10
Μαγδαληνή	8	12
τάσσω	8	8
συζητέω	8	10
ἐπιτάσσω	8	10
πανταχῇ	8	8
ἅλυσις	8	11
διηγέομαι	8	8
σπουδή	8	12
ἀσέλγεια	8	10
διαλέγομαι	8	13
συμβαίνω	8	8
ὄντως	8	10
βίος	8	10
εὐλογητός	8	8
παραιτέομαι	8	12
ἄμωμον	8	35
δικαίωμα	8	10
πλουτέω	8	12
ὀκτώ	8	8
ἀντιλέγω	8	9
ὀνομάζω	8	9
δάκρυον	8	10
ἄφρων	8	11
ἀπολογέομαι	8	10
ἀντίκειμαι	8	8
ἀγωνίζομαι	8	8
χιλιάς	8	23
ἐκδίκησις	8	9
τάχος	8	8
ὑστέρημα	8	9
ἐκφεύγω	8	8
ἄνω	8	9
μέντοι	8	8
ἕβδομος	8	9
ζῳοποιέω	8	11
ψεῦδος	8	10
ψεύστης	8	10
αἵρεσις	8	9
παρρησιάζομαι	8	9
ἀναγκαῖος	8	8
προπέμπω	8	9
Τίτος	8	14
Ἀχαΐα	8	10
φείδομαι	8	10
χράομαι	8	11
χρηστότης	8	10
σφραγίς	8	16
πλεονάζω	8	9
ἀπαρχή	8	9
εὐάρεστος	8	9
κοινωνέω	8	8
ἐπιτελέω	8	10
φθείρω	8	9
πόρνος	8	10
παντοκράτωρ	8	10
ἁγνός	8	8
ἄμωμος	8	8
λέων	8	9
Βαβυλών	7	12
παρθένος	7	15
ζώνη	7	8
ὀσφῦς	7	8
πρέπω	7	7
νηστεύω	7	20
προσκόπτω	7	8
σκιά	7	7
Συρία	7	8
ἔνοχος	7	10
γέεννα	7	12
ἐξαιρέω	7	8
ὑποπόδιον	7	7
οὐράνιος	7	9
ἐλεημοσύνη	7	13
ὀφειλέτης	7	7
εἰσφέρω	7	8
ἀλείφω	7	9
θησαυρίζω	7	8
ἡλικία	7	8
ῥήγνυμι	7	7
ἔσωθεν	7	12
προσπίπτω	7	8
θάπτω	7	11
καλύπτω	7	8
εὐκοπώτερος	7	7
ἰατρός	7	7
νυμφίος	7	16
ὄπισθεν	7	7
Σαμαρίτης	7	9
κτάομαι	7	7
μαστιγόω	7	7
δῶμα	7	7
προσφωνέω	7	7
Βηθσαϊδάν	7	7
Τύρος	7	11
Σιδών	7	9
πάλαι	7	7
χρηστός	7	7
ξηρός	7	8
ὑγιής	7	11
συμβούλιον	7	8
κραυγάζω	7	9
συντρίβω	7	7
φθάνω	7	7
νότος	7	7
ἑξήκοντα	7	9
ἀπάτη	7	7
ἄκαρπος	7	7
κόκκος	7	7
κλάδος	7	11
ζύμη	7	13
στάδιον	7	7
παράδοσις	7	13
χεῖλος	7	7
σέβομαι	7	10
βοηθέω	7	8
προσμένω	7	7
ἐπιδείκνυμι	7	7
ἐπιλανθάνομαι	7	8
διαστέλλομαι	7	8
κρεμάννυμι	7	7
τράχηλος	7	7
μακροθυμέω	7	10
σύνδουλος	7	10
ἔνατος	7	10
ἴσος	7	8
εὐώνυμος	7	9
Σιών	7	7
πόρνη	7	12
γάμος	7	16
φονεύς	7	7
κημόω	7	8
πονηρία	7	7
μεγαλύνω	7	8
καταπίνω	7	7
ἐκτός	7	8
μεστός	7	9
ἐπισυνάγω	7	8
θόρυβος	7	7
μύρον	7	14
πατάσσω	7	10
χωρίον	7	10
καθέζομαι	7	7
πυλών	7	18
ἐμφανίζω	7	10
καθαρισμός	7	7
κύκλῳ	7	8
γεμίζω	7	8
μνῆμα	7	8
ἔκστασις	7	7
διακόσιοι	7	8
πεντήκοντα	7	7
ἐπαισχύνομαι	7	11
ἀτιμάζω	7	7
σύνεσις	7	7
στολή	7	9
στάσις	7	9
συγκαλέω	7	8
καθαιρέω	7	9
ἄφθαρτος	7	8
βεβαιόω	7	8
ὑπερλίαν	7	7
πρωτότοκος	7	8
στρατεύομαι	7	7
πάντως	7	8
ἐπίκειμαι	7	7
κατάγω	7	9
ἀξιόω	7	7
μονογενής	7	9
φίλημα	7	7
χάριν	7	9
ἀποδέχομαι	7	7
μυριάς	7	8
οἰκονόμος	7	10
φλόξ	7	7
ψαλμός	7	7
ὁρίζω	7	8
ὑπομιμνῄσκω	7	7
λαμπρός	7	9
Κηφᾶς	7	9
διατρίβω	7	9
ἐκζήτησις	7	8
ἕλκω	7	8
λιθάζω	7	9
Ῥωμαῖος	7	12
ἡμέτερος	7	7
καπνός	7	13
ὅσιος	7	8
Κιλικία	7	8
δουλόω	7	8
ἀεί	7	7
ἐνδυναμόω	7	7
Ἀντιόχεια	7	18
ἐκπίπτω	7	10
ἀνθρώπινος	7	7
Ἀπολλῶς	7	10
νουθετέω	7	8
ἀπολογία	7	8
ἀήρ	7	7
μνεία	7	7
ἀτιμία	7	7
παράβασις	7	7
ἀσεβής	7	10
βέβαιος	7	8
ἁγιασμός	7	10
ἐνίστημι	7	7
ἁγιότης	7	8
δόκιμος	7	7
δηλόω	7	7
ἐνέργεια	7	8
μέτωπον	7	8
μεθερμηνεύω	6	8
ἔνδυμα	6	8
κάμηλος	6	6
ὑποδείκνυμι	6	6
περιάγω	6	6
σαλπίζω	6	12
νίπτω	6	17
μετρέω	6	11
μαργαρίτης	6	9
κρούω	6	9
ἐπιδίδωμι	6	9
πνέω	6	7
ἀνακλίνω	6	6
βρυγμός	6	7
ποταπός	6	7
διαπεράω	6	6
θαρρέω	6	7
ἱνατί	6	6
συνανάκειμαι	6	7
ῥίπτω	6	7
θερισμός	6	13
νύμφη	6	8
ἐμπίπτω	6	7
σβέννυμι	6	6
ἀργός	6	8
μοιχαλίς	6	7
ἀναπληρόω	6	6
μέριμνα	6	6
κλάσμα	6	9
κόφινος	6	6
πεντακισχίλιοι	6	6
διασῴζω	6	8
κοινόω	6	14
χειμών	6	6
κλείς	6	6
ἀπαρνέομαι	6	11
ζημιόω	6	6
πρᾶξις	6	6
συλλαλέω	6	6
περιάπτω	6	6
διαστρέφω	6	7
ἄρσην	6	9
ἀμπελών	6	23
βάρος	6	6
ἀγανακτέω	6	7
Ἰεριχώ	6	7
σπήλαιον	6	6
περιτίθημι	6	8
γεωργός	6	19
λιθοβολέω	6	7
κλητός	6	10
γαμίσκω	6	8
νομικός	6	9
δάκτυλος	6	8
ὑπόκρισις	6	6
Νῶε	6	8
κιβωτός	6	6
μεθύω	6	7
κραυγή	6	6
ἄζυμος	6	9
ἄμπελος	6	9
ἐμπτύω	6	6
πραιτώριον	6	8
σπεῖρα	6	7
Κυρηναῖος	6	6
καταπέτασμα	6	6
Ναζαρηνός	6	6
παρατηρέω	6	6
περιβλέπομαι	6	7
παραδέχομαι	6	6
σωφρονέω	6	6
ἀπορέω	6	6
ἐξαυτῆς	6	6
διανοίγω	6	8
ἀναμιμνῄσκω	6	6
πρόφασις	6	6
ἀποφέρω	6	6
ἀπιστέω	6	8
κατηχέω	6	8
τάξις	6	9
ἀπειθής	6	6
βρέφος	6	8
κέρας	6	11
ὕψος	6	6
αἰνέω	6	8
συμβάλλω	6	6
Συμεών	6	7
ἄβυσσος	6	9
σιγάω	6	9
σκοπέω	6	6
ἐκζητέω	6	7
αἰσχύνη	6	6
ἀνταποδίδωμι	6	7
οἰκονομία	6	9
Σαμάρεια	6	11
θεῖον	6	7
πώποτε	6	6
κυριεύω	6	7
ἄνομος	6	9
βραχύ	6	7
ἐνθάδε	6	8
ἐπίγειος	6	7
φαῦλος	6	6
ἐραυνάω	6	6
ἁγνίζω	6	7
σημαίνω	6	6
ὑπόδειγμα	6	6
μεταλαμβάνω	6	7
Σαῦλος	6	15
συμβιβάζω	6	7
ξενίζω	6	10
Μᾶρκος	6	8
νῆσος	6	9
μάταιος	6	6
ἐκδέχομαι	6	6
χάραγμα	6	8
Ῥώμη	6	8
γνώμη	6	9
ταπεινοφροσύνη	6	7
G2207	6	6
παρεμβολή	6	10
εὔχομαι	6	7
ὁμοίωμα	6	6
ἀδόκιμος	6	8
ἐριθεία	6	7
δοκιμή	6	7
ἐξαπατάω	6	6
ὑπερβολή	6	8
ἀπεκδέχομαι	6	8
φθορά	6	9
ἀνυπόκριτος	6	6
σαρκικός	6	7
ἀξίως	6	6
μιμητής	6	6
εἰδωλολάτρης	6	7
πυρόομαι	6	6
πεποίθησις	6	6
νόημα	6	6
ἀγών	6	6
ἵππος	6	17
πολεμέω	6	7
ὕπνος	5	6
προστάσσω	5	6
ἀκριβῶς	5	5
G2468	5	5
ἔχιδνα	5	5
ἀποθήκη	5	6
G5024	5	5
καταπατέω	5	5
λάμπω	5	7
G3755	5	5
βρέχω	5	7
εἰσακούω	5	5
ὀλιγόπιστος	5	5
χρῄζω	5	5
κύων	5	5
χοῖρος	5	12
λύκος	5	6
σαπρός	5	8
θεμελιόω	5	5
ἄμμος	5	5
δυσμή	5	5
πενθερά	5	6
πυρετός	5	6
κλίνω	5	7
βόσκω	5	9
ὁρμάω	5	5
Μαθθαῖος	5	5
κράσπεδον	5	5
Ἁλφαῖος	5	5
ἄργυρος	5	5
χαλκός	5	5
πήρα	5	6
κονιορτός	5	5
φορέω	5	6
ζυγός	5	6
ἀνάπαυσις	5	5
φορτίον	5	6
σκορπίζω	5	5
δή	5	5
καρποφορέω	5	8
σίναπι	5	5
πατρίς	5	8
πτῶμα	5	7
ὁδηγέω	5	5
ἐπισκιάζω	5	5
συμφωνέω	5	6
γογγύζω	5	8
ἐπιβαίνω	5	6
στρώννυμι	5	6
σείω	5	5
θηλάζω	5	5
φύλλον	5	6
ἀποδημέω	5	6
θαυμαστός	5	6
ὑβρίζω	5	5
στράτευμα	5	8
ἐπιγραφή	5	5
βαρύς	5	6
πτέρυξ	5	5
βδέλυγμα	5	6
ἀετός	5	5
σκοτίζομαι	5	5
χρονίζω	5	5
λαμπάς	5	9
εὖγε	5	6
σκληρός	5	5
καταράομαι	5	5
Καϊάφας	5	9
ἀλέκτωρ	5	12
G3397	5	13
βαρέω	5	5
καταφιλέω	5	6
διαρρήγνυμι	5	5
κολαφίζω	5	5
παίω	5	5
παραπορεύομαι	5	5
συσταυρόομαι	5	5
ἕνδεκα	5	6
ἀνακράζω	5	5
χαλάω	5	7
κράβαττος	5	11
Λευί	5	7
μάστιξ	5	6
διεγείρω	5	6
ἀρχισυνάγωγος	5	9
δαπανάω	5	5
ἀποτάσσομαι	5	6
ἐλαύνω	5	5
πωρόω	5	5
λανθάνω	5	6
στενάζω	5	6
ἐκφέρω	5	8
περίκειμαι	5	5
ἀφυστερέω	5	6
χρῆμα	5	6
συντελέω	5	6
ἐξαίφνης	5	5
δίς	5	6
χειροποίητος	5	6
Ἀλέξανδρος	5	6
ἐπιγράφω	5	5
εὐσχήμων	5	5
τρόμος	5	5
συνεργέω	5	5
πληροφορέω	5	6
καθεξῆς	5	5
Ἀαρών	5	5
ἐναντίον	5	5
ἄμεμπτος	5	5
καθότι	5	6
διαμένω	5	5
λειτουργία	5	6
ἐμπίμπλημι	5	5
συγχαίρω	5	7
ὄγδοος	5	5
δόγμα	5	5
σπεύδω	5	6
σωτήριος	5	5
ῥομφαία	5	7
νηστεία	5	5
προκόπτω	5	6
μεταδίδωμι	5	5
εἶδος	5	5
Ἀδάμ	5	9
χρίω	5	5
λίμνη	5	11
μέτοχος	5	6
διαπορεύομαι	5	5
κόλπος	5	6
ἑξῆς	5	5
ἱματισμός	5	5
ὑπολαμβάνω	5	5
συναντάω	5	6
πατέω	5	5
ὅδε	5	10
μερίς	5	5
συνευδοκέω	5	6
διαφθείρω	5	6
περιζώννυμι	5	6
βοῦς	5	8
ἡσυχάζω	5	5
ἐπέχω	5	5
βουλεύομαι	5	6
συνεσθίω	5	5
αἰσχύνομαι	5	5
μεθίστημι	5	5
ἐγκακέω	5	6
ἐκδικέω	5	6
στῆθος	5	5
λείπω	5	6
πανουργία	5	5
ἀκαταστασία	5	5
κυκλεύω	5	5
παγίς	5	5
διατίθεμαι	5	7
ἐσθής	5	7
ἔχθρα	5	6
δικαίως	5	5
ἀνόητος	5	6
ἐξηγέομαι	5	6
σκηνόω	5	5
Ἑβραϊστί	5	7
λούω	5	5
τεκνίον	5	8
ὅπλον	5	6
σύρω	5	5
διάλεκτος	5	6
Παμφυλία	5	5
ἐξαλείφω	5	5
Ἁνανίας	5	11
Στέφανος	5	7
ἀλλάσσω	5	6
κακόω	5	6
μετατίθημι	5	6
ἔπειμι	5	5
Δαμασκός	5	15
ἐκλογή	5	7
μεταπέμπομαι	5	9
Κύπρος	5	5
σιδηροῦς	5	5
εἴσοδος	5	5
ὑετός	5	5
ζήτημα	5	5
G567	5	6
ἱερόθυτος	5	10
Κόρινθος	5	6
ἀντιτάσσομαι	5	5
Γάϊος	5	5
Ἀρίσταρχος	5	5
Τυχικός	5	5
μαρτύρομαι	5	5
ἐπίσκοπος	5	5
στοιχέω	5	5
προσφορά	5	9
ἀσφαλής	5	5
G331	5	6
ἐγκόπτω	5	5
ἄνεσις	5	5
προγινώσκω	5	5
ὁποῖος	5	5
ἀσέβεια	5	6
ὀξύς	5	8
εἴπερ	5	6
κενόω	5	5
ἐφάπαξ	5	5
θνητός	5	6
ἀφορμή	5	7
οἰκέω	5	9
ἀπείθεια	5	7
οἰκτιρμός	5	5
προΐστημι	5	8
φιλαδελφία	5	6
ὑπερέχω	5	5
εἰκῇ	5	6
λειτουργός	5	5
ὀνειδισμός	5	5
φυσιόω	5	7
G548	5	7
πορνεύω	5	8
ἐπιταγή	5	6
μετέχω	5	8
ὑπερβάλλω	5	5
ὑπόστασις	5	5
ὁμολογία	5	6
μεσίτης	5	6
περιποίησις	5	5
ᾠδή	5	7
ᾄδω	5	5
καίπερ	5	5
ἐπιεικής	5	5
νήφω	5	6
ἐπιφάνεια	5	6
μῦθος	5	5
ἐκτρέπομαι	5	5
βέβηλος	5	5
G620	5	7
χίλιοι	5	11
σφάζω	5	10
πέτομαι	5	5
φιάλη	5	12
γένεσις	4	5
Ἰεσσαί	4	5
λάθρᾳ	4	4
ἀνακάμπτω	4	4
ἐκπειράζω	4	4
δίκτυον	4	12
προβαίνω	4	5
παραλυτικός	4	10
πραΰς	4	4
ἅλας	4	7
μωραίνω	4	4
ἀντίδικος	4	5
ὅλως	4	4
ἐθνικός	4	4
ῥύμη	4	4
ἀριστερός	4	4
ἀντέχομαι	4	4
πῆχυς	4	4
ἀμφιάζω	4	4
δόμα	4	4
ἅρπαξ	4	5
σῦκον	4	4
κῦμα	4	4
ἐνθύμησις	4	4
θορυβέω	4	4
κοράσιον	4	8
ἐμβριμάομαι	4	5
σκύλλω	4	4
Βαρθολομαῖος	4	4
ἐκτινάσσω	4	4
Γόμορρα	4	4
Βεελζεβούλ	4	7
ὀρχέομαι	4	4
θρηνέω	4	4
G4118	4	4
σάκκος	4	4
συνετός	4	4
στάχυς	4	5
ἐρημόομαι	4	5
περίσσευμα	4	5
βασίλισσα	4	4
πέρας	4	4
ἄνυδρος	4	4
αἰγιαλός	4	6
πρόσκαιρος	4	4
βλαστάνω	4	4
ἐκριζόω	4	4
λάχανον	4	4
κατασκηνόω	4	4
ζυμόω	4	4
συντέλεια	4	6
μαθητεύω	4	4
ἄτιμος	4	4
τετραάρχης	4	4
ἄρρωστος	4	5
κακολογέω	4	4
πορρώτερον	4	4
ὁδηγός	4	5
ἀσύνετος	4	5
ἐκλύομαι	4	5
ἐρημία	4	4
σπυρίς	4	5
τετρακισχίλιοι	4	5
μεταμορφόομαι	4	4
γονυπετέω	4	4
μύλινος	4	5
θῆλυς	4	5
ψευδομαρτυρέω	4	5
κτῆμα	4	4
κατακυριεύω	4	4
πῶλος	4	12
μεταμέλομαι	4	6
φραγμός	4	4
πύργος	4	4
ταῦρος	4	4
ἀμελέω	4	4
πρωτοκλισία	4	5
πρωτοκαθεδρία	4	4
προσήλυτος	4	4
ἀποδεκατόω	4	4
τάφος	4	7
ὀστέον	4	4
Ἅβελ	4	4
Ζαχαρίας	4	11
ὠδίν	4	4
ἄκρον	4	6
οἰκεῖος	4	4
συμβουλεύω	4	4
ὑμνέω	4	4
ποίμνη	4	5
αὐτοῦ	4	4
περίλυπος	4	4
ἀποσπάω	4	4
ὠτάριον	4	5
λαλιά	4	4
εἴωθα	4	4
Βαραββᾶς	4	11
περισσῶς	4	4
ἀπέναντι	4	5
ἐκδύω	4	5
κόκκινος	4	6
κρανίον	4	4
μίγνυμι	4	4
ὄξος	4	6
Ἁριμαθαία	4	4
σινδών	4	6
παρασκευή	4	6
πλάνος	4	5
ἱμάς	4	4
κακοποιέω	4	4
ἥμισυς	4	5
χλωρός	4	4
βαπτισμός	4	4
ὀρθῶς	4	4
ἀποκόπτω	4	6
εἰρηνεύω	4	4
συμπορεύομαι	4	4
νεότης	4	4
βάτος	4	5
G3117	4	4
ἀγρυπνέω	4	4
μεσονύκτιον	4	4
παραφέρω	4	4
ἄρωμα	4	4
παρακολουθέω	4	4
κράτιστος	4	4
λαγχάνω	4	4
θυμίαμα	4	6
ἀγαλλίασις	4	5
ὀπτασία	4	4
ταπείνωσις	4	4
ἀφόβως	4	4
ἐπιφαίνω	4	4
κραταιόομαι	4	4
εὐλαβής	4	4
ἀπόκρισις	4	4
σκολιός	4	4
ὀψώνιον	4	4
δεκτός	4	5
ἦχος	4	4
ἀποβαίνω	4	4
ἐπιστάτης	4	7
παραλύομαι	4	5
καθίημι	4	4
G15	4	9
ἔντιμος	4	5
ἔνδοξος	4	4
κατακλίνω	4	5
ἐκμάσσω	4	5
ἡδονή	4	5
πλέω	4	6
συναρπάζω	4	4
διαπορέω	4	4
προσάγω	4	4
ἑβδομήκοντα	4	5
ἀποκρύπτω	4	4
κτῆνος	4	4
ὑποδέχομαι	4	4
κοίτη	4	4
διαδίδωμι	4	4
μενοῦνγε	4	4
ἐργασία	4	6
πολίτης	4	4
ἐκλείπω	4	4
οἰκέτης	4	4
δειπνέω	4	4
ἀπόκειμαι	4	4
σουδάριον	4	4
ἐπισκοπή	4	4
μηνύω	4	4
αἰχμαλωτίζω	4	4
ἄστρον	4	4
στρατηγός	4	10
συνεπιτίθεμαι	4	4
ἐπιφωνέω	4	4
ἄτοπος	4	4
βαθύς	4	4
ἔμφοβος	4	5
παρακύπτω	4	5
διερμηνεύω	4	6
ψηλαφάω	4	4
ἐλάσσων	4	4
ὁμοῦ	4	4
Στοά	4	4
μάχομαι	4	4
γογγυσμός	4	4
οὐδέπω	4	4
ἀρεστός	4	4
ἐλευθερόω	4	7
λοιδορέω	4	4
μαίνομαι	4	5
περιΐστημι	4	4
ὀσμή	4	6
παράκλητος	4	5
λατρεία	4	5
μιαίνω	4	5
ἀποστολή	4	4
συγχέω	4	5
ἀποδείκνυμι	4	4
ἀρχηγός	4	4
ἄγνοια	4	4
προορίζω	4	6
συνοράω	4	4
δημόσιος	4	4
παραγγελία	4	5
τετρακόσιοι	4	4
βλάσφημος	4	4
μετακαλέομαι	4	4
ἐκτίθημι	4	4
ἀπωθέομαι	4	6
λόγιον	4	4
ἐπίθεσις	4	4
πικρία	4	4
σύνδεσμος	4	4
ἄφωνος	4	4
Σαούλ	4	9
τεῖχος	4	9
ἑρπετόν	4	4
κατασείω	4	4
ἀποπλέω	4	4
Βενιαμίν	4	4
ἔξειμι	4	4
Ἰκόνιον	4	6
μόλις	4	6
ἐμμένω	4	4
Σιλᾶς	4	12
Τρῳάς	4	6
Μακεδών	4	5
Φίλιπποι	4	4
ἀνίημι	4	4
ποιητής	4	6
Ἀκύλας	4	6
σκληρύνω	4	6
ἐγκαλέω	4	7
Θεσσαλονικεύς	4	4
δίκη	4	4
ἐντυγχάνω	4	5
G2467	4	4
παραχειμάζω	4	4
περιαιρέω	4	5
πού	4	4
βάρβαρος	4	6
ἀδιαλείπτως	4	4
ἀόρατος	4	5
φθαρτός	4	6
ἀφθαρσία	4	7
στενοχωρία	4	4
προσωπολημψία	4	4
Σάρρα	4	4
περισσεία	4	4
σάρκινος	4	4
ἐνοικέω	4	6
δουλεία	4	5
υἱοθεσία	4	5
συγκληρονόμος	4	4
φύραμα	4	5
πρόσκομμα	4	6
κάμπτω	4	4
ἐπιτυγχάνω	4	5
πταίω	4	5
συγκοινωνός	4	4
διάφορος	4	4
προγράφω	4	4
ψάλλω	4	5
ἀγαθωσύνη	4	4
εὐπρόσδεκτος	4	5
ἀνέγκλητος	4	5
ψυχικός	4	6
γάλα	4	5
ἐποικοδομέω	4	7
ὄφελον	4	4
ὄλεθρος	4	4
ἔνι	4	6
εἰδωλολατρία	4	4
αἰσχρός	4	4
κιθάρα	4	4
Γαλατία	4	4
παραμένω	4	4
τηλικοῦτος	4	4
Σιλουανός	4	4
πλεονεκτέω	4	5
G2292	4	6
μάχη	4	4
γνήσιος	4	4
πρόκειμαι	4	5
ἐπιχορηγέω	4	5
ὑποταγή	4	4
φρουρέω	4	4
στῦλος	4	4
κατάρα	4	6
ἐξαγοράζω	4	4
στοιχεῖον	4	7
κυριότης	4	4
Λαοδίκεια	4	6
πληροφορία	4	4
πλουσίως	4	4
κτίσμα	4	4
γυμνάζω	4	4
ἄσπιλος	4	4
ἀντιλογία	4	4
ἀμίαντος	4	4
G39	4	11
πέμπτος	4	4
δράκων	4	13
δεκατέσσαρες	3	5
μνηστεύομαι	3	3
διενθυμέομαι	3	3
ὄναρ	3	6
Βηθλέεμ	3	8
ἐξετάζω	3	3
Ἰερεμίας	3	3
τρίβος	3	3
ἀκρίς	3	4
μέλι	3	4
ἄγριος	3	3
ἄσβεστος	3	3
ἁλιεύς	3	5
μαλακία	3	3
Δεκάπολις	3	3
μόδιος	3	3
ἀποστάσιον	3	3
παρεκτός	3	3
μοιχάομαι	3	5
ἀγγαρεύω	3	3
ταμεῖον	3	4
ἀφανίζω	3	5
διορύσσω	3	4
φωτεινός	3	5
ἀρκετός	3	3
διαβλέπω	3	3
συλλέγω	3	8
σταφυλή	3	3
ἀποχωρέω	3	3
λέπρα	3	4
στέγη	3	3
ἐξώτερος	3	3
ἀλώπηξ	3	3
δειλός	3	3
γαλήνη	3	3
ἀγέλη	3	7
κρημνός	3	3
ὑπάντησις	3	3
τελώνιον	3	3
νυμφών	3	3
ἀπαίρω	3	3
ἐπίβλημα	3	4
ἀσκός	3	12
συντηρέω	3	3
καταγελάω	3	3
διαφημίζω	3	3
ἀνεκτός	3	5
ἀκέραιος	3	3
ἄνευ	3	3
ἀριθμέω	3	3
δεσμωτήριον	3	4
μαλακός	3	4
αὐλέω	3	3
σποδός	3	3
σπόριμος	3	3
τίλλω	3	3
καταδικάζω	3	5
βόθυνος	3	3
Ἰωνᾶς	3	9
σαρόω	3	3
καυματίζω	3	4
πνίγω	3	3
συμπνίγω	3	5
κάμινος	3	4
πολύτιμος	3	3
Ἡρῳδιάς	3	6
πίναξ	3	5
ἀποκεφαλίζω	3	4
κοπάζω	3	3
Γεννησαρέτ	3	3
ἀκυρόω	3	3
ἔνταλμα	3	3
μοιχεία	3	3
κυλλός	3	4
κατισχύω	3	3
κῆνσος	3	4
ἐννέα	3	5
ποσάκις	3	3
μύριοι	3	3
ὀφειλή	3	3
σκληροκαρδία	3	3
δυσκόλως	3	3
βελόνη	3	3
ἑκατονταπλασίων	3	3
ἐπίτροπος	3	3
καύσων	3	3
ἑταῖρος	3	3
Βηθφαγή	3	3
ὄνος	3	5
συντάσσω	3	3
ὡσαννά	3	6
κολλυβιστής	3	3
καθέδρα	3	3
ὀρύσσω	3	3
ληνός	3	5
ἐκδίδωμι	3	4
ἄριστον	3	3
Ἡρῳδιανοί	3	3
διπλοῦς	3	4
ἁρπαγή	3	3
ὡραῖος	3	4
θροέομαι	3	3
ἐρήμωσις	3	3
θέρος	3	3
κατακλυσμός	3	4
τρώγω	3	6
ἀπάντησις	3	3
ὀκνηρός	3	3
ἀλάβαστρος	3	4
μνημόσυνον	3	3
ἀδημονέω	3	3
πρόθυμος	3	3
λεγιών	3	4
καταμαρτυρέω	3	3
δῆλος	3	3
πλέκω	3	3
Γολγοθᾶ	3	3
σπόγγος	3	3
ἐντυλίσσω	3	3
ὀψέ	3	3
ἀποκυλίω	3	4
σπαράσσω	3	3
φανερῶς	3	3
πάντοθεν	3	3
πώρωσις	3	3
πλοιάριον	3	5
ἁμάρτημα	3	4
ἀπόκρυφος	3	3
σπόρος	3	6
λαῖλαψ	3	3
ἐνορκίζω	3	3
τρέμω	3	3
συνακολουθέω	3	3
ὑποδέομαι	3	3
ἐνέχω	3	3
ἡδέως	3	3
μεγιστάν	3	3
εὐκαιρέω	3	3
συντρέχω	3	3
περιφέρω	3	3
πτύω	3	3
ἐκθαμβέομαι	3	4
προστρέχω	3	3
ἀρτύω	3	3
προσκλίνομαι	3	3
ἐξανίστημι	3	3
γαζοφυλάκιον	3	5
λεπτόν	3	3
θυρωρός	3	4
πολυτελής	3	3
προλαμβάνω	3	3
κατάλυμα	3	3
συναποθνῄσκω	3	3
αββα	3	3
ἀσφαλῶς	3	3
θερμαίνομαι	3	6
ἀχειροποίητος	3	3
περικαλύπτω	3	3
ῥάπισμα	3	3
πορφύρα	3	4
διαγίνομαι	3	3
G2413	3	3
ἐπακολουθέω	3	4
ἐπιχειρέω	3	3
ἀσφάλεια	3	3
στεῖρα	3	4
πρεσβύτης	3	3
ἐπιβλέπω	3	3
βραχίων	3	3
δυνάστης	3	3
ἀντιλαμβάνομαι	3	3
λύτρωσις	3	3
κατευθύνω	3	3
πατριά	3	3
ὀδυνάομαι	3	4
Πόντιος	3	3
Ἅννας	3	4
Ἑνώχ	3	3
θάμβος	3	3
συγκλείω	3	4
νομοδιδάσκαλος	3	3
πυκνός	3	3
προδότης	3	3
σκάπτω	3	3
σπουδαίως	3	3
καταπίπτω	3	3
συμπληρόω	3	3
κινδυνεύω	3	4
θεραπεία	3	3
ἔξοδος	3	3
μεγαλειότης	3	3
διαγγέλλω	3	3
εὔθετος	3	3
βαλλάντιον	3	4
σκορπίος	3	5
περιπίπτω	3	3
Λευίτης	3	3
ἐπιβιβάζω	3	3
Μάρθα	3	13
μαστός	3	3
ποίμνιον	3	5
παλαιόω	3	4
μεθύσκομαι	3	3
ἀπαλλάσσω	3	3
ἀνακύπτω	3	4
ἀνορθόω	3	3
κῆπος	3	5
φρέαρ	3	7
γείτων	3	4
μόσχος	3	6
ἐπαινέω	3	6
Λάζαρος	3	15
βάπτω	3	4
διαβαίνω	3	3
περιποιέομαι	3	3
ζῳογονέω	3	3
ἆρα	3	3
μοιχός	3	3
εὐγενής	3	3
ἐλαιών	3	3
φόρος	3	5
τοίνυν	3	3
καταξιόω	3	3
μέθη	3	3
ἀνάμνησις	3	4
ἐξουσιάζω	3	4
διΐστημι	3	3
πρεσβυτέριον	3	3
ἀναπέμπω	3	5
αἴτημα	3	3
παράδεισος	3	3
ὄρθρος	3	3
ὀθόνιον	3	5
ὁμιλέω	3	4
λυτρόομαι	3	3
ἑσπέρα	3	3
συναθροίζω	3	3
ἀμνός	3	4
δέκατος	3	3
ἑρμηνεύω	3	3
Κανά	3	4
λίθινος	3	3
ἀνατρέπω	3	3
Νικόδημος	3	5
ἅλλομαι	3	3
βασιλικός	3	5
ἐχθές	3	3
μάννα	3	4
πόσις	3	3
ὄψις	3	3
διασπορά	3	3
ἀποσυνάγωγος	3	3
παροιμία	3	5
Δίδυμος	3	3
δεκαπέντε	3	3
παραμυθέομαι	3	4
τυφλόω	3	3
ὅμως	3	3
τάχιον	3	4
ψῦχος	3	3
κατηγορία	3	3
συνήθεια	3	3
πορφυροῦς	3	4
πλευρά	3	5
οἶμαι	3	3
ὑπερῷον	3	4
Ἰοῦστος	3	3
πεντηκοστή	3	3
ἄφνω	3	3
Φρυγία	3	3
ὅρασις	3	4
μετατρέπω	3	3
προοράω	3	4
πατριάρχης	3	4
εἴσειμι	3	4
προχειρίζομαι	3	3
Σαμουήλ	3	3
τήρησις	3	3
ἰδιώτης	3	5
ἀπειλή	3	3
Κύπριος	3	3
βία	3	3
πειθαρχέω	3	4
Ἑλληνιστής	3	3
Ἑβραῖος	3	4
ψευδής	3	3
πάροικος	3	4
Φαραώ	3	5
Αἰγύπτιος	3	5
ἔντρομος	3	3
ὑπήκοος	3	3
κατάπαυσις	3	9
νεανίας	3	3
σφαγή	3	3
κείρω	3	4
ἐπιβουλή	3	4
Ταρσός	3	3
Ἰόππη	3	10
παρασκευάζω	3	4
τετράπους	3	3
Φοινίκη	3	3
Χριστιανός	3	3
Κλαύδιος	3	3
δῆμος	3	4
συμπαραλαμβάνω	3	4
λειτουργέω	3	3
ἀνθύπατος	3	5
ἀνάγνωσις	3	3
δρόμος	3	3
ὑπονοέω	3	3
ὑπηρετέω	3	3
σχεδόν	3	3
Λύστρα	3	6
ἐπιστηρίζω	3	4
ἐπιστέλλω	3	3
ἐκπλέω	3	3
Θυάτειρα	3	4
Θεσσαλονίκη	3	5
ἀναστατόω	3	3
προθυμία	3	5
Ἀθῆναι	3	4
τέχνη	3	3
Ἰταλία	3	4
ἀδίκημα	3	3
εὐχή	3	3
ἀκριβέστερον	3	4
περιέρχομαι	3	3
Ἔραστος	3	3
ἀργυροῦς	3	3
τεχνίτης	3	4
πυρρός	3	3
Τρόφιμος	3	3
καταφέρω	3	4
ὑποστέλλω	3	4
εὐαγγελιστής	3	3
ἑτοίμως	3	3
Ἑβραΐς	3	3
ἡσυχία	3	4
πατρῷος	3	3
Φῆλιξ	3	9
κατήγωρ	3	5
φάσκω	3	3
ἀπρόσκοπος	3	3
ἐγκράτεια	3	4
Φῆστος	3	13
ἄλογος	3	3
θρησκεία	3	4
κέντρον	3	4
βούλημα	3	3
ἁγιωσύνη	3	3
εὐοδόομαι	3	4
προτίθεμαι	3	3
πάθος	3	3
συμμαρτυρέω	3	3
παραβάτης	3	5
ἐκκλίνω	3	3
ἰός	3	3
φράσσω	3	3
διαστολή	3	3
ἔνδειξις	3	4
ἴχνος	3	3
νεκρόω	3	3
προσαγωγή	3	3
καταλλάσσω	3	6
καταλλαγή	3	4
παρακοή	3	3
συζάω	3	3
ματαιότης	3	3
καθό	3	4
γυμνότης	3	3
Ἠσαῦ	3	3
παραζηλόω	3	4
κατακαυχάομαι	3	4
συναπάγομαι	3	3
προνοέω	3	3
εὐσχημόνως	3	3
κῶμος	3	3
διάκρισις	3	3
δυνατέω	3	3
φιλοτιμέομαι	3	3
κλίμα	3	3
Πρίσκα	3	3
συναιχμάλωτος	3	3
πλουτίζω	3	3
μωρία	3	5
μετασχηματίζω	3	5
εἰλικρίνεια	3	3
πλεονέκτης	3	4
ἑδραῖος	3	3
μολύνω	3	3
στέγω	3	4
νουθεσία	3	3
ὑποφέρω	3	3
ἐνεργής	3	3
ἀρραβών	3	3
ἐπιβαρέω	3	3
τοὐναντίον	3	3
εὐωδία	3	3
μέλαν	3	3
μόχθος	3	3
φάρμακον	3	3
κατενώπιον	3	3
ὑπεράνω	3	3
συνεγείρω	3	3
ἀπαλλοτριόομαι	3	3
πλάτος	3	4
σκοτόομαι	3	3
ἀνήκω	3	3
ἀπατάω	3	3
συγκοινωνέω	3	3
ἀσωτία	3	3
παιδεία	3	6
θώραξ	3	5
κέρδος	3	3
αἱρέομαι	3	3
σεμνός	3	4
ἀρετή	3	5
Ἐπαφρᾶς	3	3
θιγγάνω	3	3
πικραίνω	3	4
πόνος	3	4
Λουκᾶς	3	3
Δημᾶς	3	3
μιμέομαι	3	4
ἀστοχέω	3	3
ἀνυπότακτος	3	4
σεμνότης	3	3
κῆρυξ	3	3
ὀρέγομαι	3	3
ἀνεπίλημπτος	3	3
σώφρων	3	4
φιλόξενος	3	3
τυφόομαι	3	3
ὠφέλιμος	3	4
ὑπόμνησις	3	3
κακοπαθέω	3	3
στερεός	3	4
εὔχρηστος	3	3
μεγαλωσύνη	3	3
μισθαποδοσία	3	3
δίστομος	3	3
Μελχισέδεκ	3	8
μετάθεσις	3	3
Κάϊν	3	3
παρεπίδημος	3	3
ζόφος	3	5
πένθος	3	5
καταλαλέω	3	5
Βαλαάμ	3	3
ἀντίχριστος	3	5
Ἄλφα	3	3
Ὦ	3	3
χάλαζα	3	4
μεσουράνημα	3	3
βασανισμός	3	6
διάδημα	3	3
Φαρές	2	3
Ἑσρώμ	2	3
Ἀρνί	2	3
Ἀμιναδάβ	2	3
Ναασσών	2	3
Σαλά	2	3
Βόος	2	3
Ἰωβήλ	2	3
Ἀβιά	2	3
Μανασσῆς	2	3
Σαλαθιήλ	2	3
Ζοροβαβέλ	2	3
Ἐλιακίμ	2	3
δειγματίζω	2	2
μάγος	2	6
G2448	2	3
ἐπάν	2	3
λίβανος	2	2
σμύρνα	2	2
ὀδυρμός	2	2
δερμάτινος	2	2
ἀξίνη	2	2
πτύον	2	2
διακαθαίρω	2	2
ἅλων	2	2
ἄχυρον	2	2
πτερύγιον	2	2
Ζαβουλών	2	3
Νεφθαλίμ	2	3
ἀμφιβάλλω	2	2
βάσανος	2	3
σεληνιάζομαι	2	2
ἐλεήμων	2	2
ἁλίζω	2	2
κεραία	2	2
κοδράντης	2	2
μέλας	2	3
ῥαπίζω	2	2
σιαγών	2	2
δανείζω	2	4
ἐπιούσιος	2	2
ὀφείλημα	2	2
σκυθρωπός	2	2
σής	2	3
ἁπλοῦς	2	2
σκοτεινός	2	3
μαμωνᾶς	2	4
κρίνον	2	2
νήθω	2	2
κλίβανος	2	2
κάρφος	2	6
δοκός	2	6
στενός	2	3
τρίβολος	2	2
πτῶσις	2	2
δεινῶς	2	2
πυρέσσω	2	2
φωλεός	2	2
κατασκήνωσις	2	2
χαλεπός	2	2
ῥάκος	2	2
ἄγναφος	2	2
αὐλητής	2	2
φήμη	2	2
Θαδδαῖος	2	2
Καναναῖος	2	2
ἐπανίσταμαι	2	2
στρουθίον	2	4
ἀσσάριον	2	2
ψυχρός	2	4
γεννητός	2	2
βιάζω	2	2
φάγος	2	2
οἰνοπότης	2	2
Χοραζίν	2	2
φορτίζω	2	2
ἐλαφρός	2	2
βεβηλόω	2	2
κατάγνυμι	2	4
λίνον	2	2
νῖκος	2	4
διαρπάζω	2	3
Νινευίτης	2	2
σχολάζω	2	2
G4191	2	2
πετρῶδες	2	4
ἐξανατέλλω	2	2
παχύνομαι	2	2
βαρέως	2	2
καμμύω	2	2
ἐγκρύπτω	2	2
ἄλευρον	2	2
σάτον	2	2
διασαφέω	2	2
ἔμπορος	2	5
ἀγγεῖον	2	2
μεταίρω	2	2
τέκτων	2	2
γενέσια	2	2
πεζῇ	2	2
φάντασμα	2	2
καταποντίζομαι	2	2
διστάζω	2	2
παραβαίνω	2	3
μάτην	2	2
ἀφεδρών	2	2
κλοπή	2	2
ψευδομαρτυρία	2	2
ἄνιπτος	2	2
κυνάριον	2	4
ψίξ	2	2
νῆστις	2	2
ἰχθύδιον	2	2
στυγνάζω	2	2
ἵλεως	2	2
ἀντάλλαγμα	2	2
ἀδυνατέω	2	2
συστρέφω	2	2
ὀνικός	2	2
πέλαγος	2	2
μονόφθαλμος	2	2
ἐνενήκοντα	2	4
παρακούω	2	3
ἑπτάκις	2	4
συναίρω	2	3
τάλαντον	2	14
συζεύγνυμι	2	2
εὐνοῦχος	2	8
παλιγγενεσία	2	2
ἑνδέκατος	2	3
κατεξουσιάζω	2	2
λύτρον	2	2
ὄμμα	2	2
ὑποζύγιον	2	2
καταστρέφω	2	2
αἶνος	2	2
αὐλίζομαι	2	2
ἐπανάγω	2	3
συνθλάομαι	2	2
λικμάω	2	2
δεσμεύω	2	2
ὦμος	2	2
πλατύνω	2	3
ἡδύοσμον	2	2
ἀκρασία	2	2
ἐντός	2	2
κονιάω	2	2
ὄρνις	2	2
κολοβόω	2	4
ψευδόχριστος	2	2
φέγγος	2	2
ἁπαλός	2	2
ἐκφύω	2	2
ἀλήθω	2	2
διχοτομέω	2	2
νυστάζω	2	2
τόκος	2	2
ἀχρεῖος	2	2
ἔριφος	2	2
κόλασις	2	2
καταχέω	2	2
ἐνταφιάζω	2	2
εὐκαιρία	2	2
ἐμβάπτω	2	2
τρύβλιον	2	2
Γεθσημανί	2	2
ψευδόμαρτυς	2	2
πικρῶς	2	2
πρωΐα	2	2
Κορβᾶν	2	2
κεραμεύς	2	3
ἐπίσημος	2	2
φραγελλόω	2	2
χολή	2	2
λεμά	2	2
σαβαχθάνι	2	2
λατομέω	2	2
προσκυλίω	2	2
ἀσφαλίζω	2	4
κουστωδία	2	3
ἐπιφώσκω	2	2
χιών	2	2
ἀμέριμνος	2	2
Ἱεροσολυμίτης	2	2
κύπτω	2	3
μισθωτός	2	3
θαμβέομαι	2	3
δύνω	2	2
ἀλλαχόθεν	2	2
ἐξορύσσω	2	2
αὐτόματος	2	2
δρέπανον	2	8
ἐπιλύω	2	2
πρύμνα	2	3
Γερασηνός	2	3
πέδη	2	3
διασπάω	2	2
δαμάζω	2	4
ἱματίζω	2	2
Ἰάϊρος	2	2
θυγάτριον	2	2
ῥύσις	2	3
ἀλαλάζω	2	2
Ἰωσῆς	2	3
σανδάλιον	2	2
χοῦς	2	2
εὔκαιρος	2	2
κατακλάω	2	2
ἀφροσύνη	2	4
Ἑλληνίς	2	2
ἄλαλος	2	3
λευκαίνω	2	2
ἔκφοβος	2	2
συσπαράσσω	2	2
ἐναγκαλίζομαι	2	2
τρῆμα	2	2
G757	2	2
προσαιτέω	2	3
ἀποβάλλω	2	2
ραββουνι	2	2
ὁλοκαύτωμα	2	3
ὑστέρησις	2	2
ἀποπλανάω	2	2
νάρδος	2	2
πιστικός	2	2
τριακόσιοι	2	2
ἐνταφιασμός	2	2
εὐκαίρως	2	2
ἀπαντάω	2	2
κεράμιον	2	2
ἀνάγαιον	2	2
καταβαρέω	2	2
σπάομαι	2	2
συγκάθημαι	2	2
ἀναθεματίζω	2	4
ἀνασείω	2	2
ἐνδιδύσκω	2	2
ἀκάνθινος	2	2
Ῥοῦφος	2	2
ἐκπνέω	2	3
Σαλώμη	2	2
συναναβαίνω	2	2
βουλευτής	2	2
δωρέομαι	2	3
συντόμως	2	2
ἐξαγγέλλω	2	2
μορφή	2	3
βλάπτω	2	2
Θεόφιλος	2	2
ἔναντι	2	2
ἱερατεία	2	2
φρόνησις	2	2
ἐφοράω	2	2
χαριτόω	2	2
δούλη	2	3
σκιρτάω	2	3
τελείωσις	2	2
μακαρίζω	2	2
συγγένεια	2	3
διαλαλέω	2	2
ὁσιότης	2	2
προπορεύομαι	2	2
ἀπογράφω	2	4
ἀπογραφή	2	2
ἡγεμονεύω	2	2
φάτνη	2	4
περιλάμπω	2	2
στρατιά	2	2
ἀνευρίσκω	2	2
μήτρα	2	2
ζεῦγος	2	2
προφῆτις	2	2
Ἀσήρ	2	2
ὀγδοήκοντα	2	2
ἀναζητέω	2	3
διατηρέω	2	2
βουνός	2	2
τραχύς	2	2
συκοφαντέω	2	2
κατακλείω	2	2
σωματικός	2	2
Σιδώνιος	2	2
βυθίζω	2	2
περιέχω	2	2
ζωγρέω	2	2
ὑποχωρέω	2	2
δοχή	2	2
ἄνοια	2	2
ζηλωτής	2	2
ἐνοχλέω	2	2
ἐπηρεάζω	2	2
ἀπαιτέω	2	2
ἀχάριστος	2	2
οἰκτίρμων	2	3
τρυγάω	2	3
ἀνακαθίζω	2	2
τρυφή	2	2
χρεοφειλέτης	2	2
πεντακόσιοι	2	2
διοδεύω	2	2
Ἰωάννα	2	2
φύω	2	3
κλύδων	2	2
ἀποτινάσσω	2	2
G4895	2	2
ἀναλίσκω	2	2
ἀναδείκνυμι	2	2
ἐπαναπαύομαι	2	2
ἐγγράφω	2	3
ἐπιμελέομαι	2	3
ἐπανέρχομαι	2	2
συναντιλαμβάνομαι	2	2
πανοπλία	2	3
ἀριστάω	2	3
ἄδηλος	2	2
ἐνεδρεύω	2	2
ἀναλύω	2	2
ἀνάπτω	2	2
Σιλωάμ	2	3
κοπρία	2	2
παντελής	2	2
πορεία	2	2
βορρᾶς	2	2
ἴασις	2	3
ἀποτελέω	2	2
ἀνασπάω	2	2
ἀνταποκρίνομαι	2	2
ἀνώτερος	2	2
ἀνταπόδομα	2	2
ψηφίζω	2	2
πρεσβεία	2	2
διαγογγύζω	2	2
διαιρέω	2	2
ἀναζάω	2	2
ἐπαιτέω	2	2
φιλάργυρος	2	2
ἐκμυκτηρίζω	2	2
ἕλκος	2	3
ἀροτριάω	2	3
πόρρωθεν	2	2
ἀστράπτω	2	2
Λώτ	2	4
ὑπωπιάζω	2	2
ἱλάσκομαι	2	2
προτρέχω	2	2
ἀναφαίνω	2	2
ἐπιρίπτω	2	2
τραυματίζω	2	2
πτοέομαι	2	2
λοιμός	2	2
G471	2	2
συνοχή	2	2
προσδοκία	2	2
προβάλλω	2	2
βιωτικός	2	3
αἰφνίδιος	2	2
G1765	2	2
συγκαθίζω	2	2
διϊσχυρίζομαι	2	2
αἴτιον	2	4
εὐτόνως	2	2
προϋπάρχω	2	2
κακοῦργος	2	4
κατακολουθέω	2	2
παροικέω	2	2
βραδύς	2	3
παραβιάζομαι	2	2
κλάσις	2	2
εὐθύνω	2	2
Μεσσίας	2	2
Ναθαναήλ	2	6
ὑδρία	2	3
ἀντλέω	2	4
σχοινίον	2	2
ἐλαττόω	2	3
ὁδοιπορία	2	2
κολυμβήθρα	2	3
ἐπιλέγω	2	2
Τιβεριάς	2	3
ἀνέρχομαι	2	3
ὀψάριον	2	5
συνεισέρχομαι	2	2
διδακτός	2	3
ἐπικατάρατος	2	3
ἀνθρωποκτόνος	2	3
χαμαί	2	2
πηλός	2	6
νομή	2	2
λίτρα	2	2
γλωσσόκομον	2	2
φοῖνιξ	2	2
διαζώννυμι	2	3
νεύω	2	2
ὀρφανός	2	2
ἀνθρακιά	2	2
Ἑλληνιστί	2	2
ὕσσωπος	2	2
ἐκκεντέω	2	2
ζώννυμι	2	3
γηράσκω	2	2
Βαρσαββᾶς	2	2
καρδιογνώστης	2	2
πνοή	2	2
ἀποφθέγγομαι	2	3
Μεσοποταμία	2	2
Καππαδοκία	2	2
Πόντος	2	2
ἐπιδημέω	2	2
Κρής	2	2
χλευάζω	2	2
ἐνυπνιάζομαι	2	2
ἀτμίς	2	2
πρόγνωσις	2	2
διαφθορά	2	6
εὐφροσύνη	2	2
ὕπαρξις	2	2
στερεόω	2	3
προκαταγγέλλω	2	2
ἐνευλογέω	2	2
διαπονέομαι	2	2
εὐεργεσία	2	2
ἀπειλέω	2	2
φθέγγομαι	2	3
κολάζω	2	2
μελετάω	2	2
νοσφίζομαι	2	3
ἐκψύχω	2	3
συστέλλω	2	2
φύλαξ	2	3
ἐπάγω	2	3
διαχειρίζομαι	2	2
διαπρίομαι	2	2
Γαμαλιήλ	2	2
Ἀλεξανδρεύς	2	2
Χανάαν	2	2
ἀστεῖος	2	2
ἀνατρέφω	2	3
τεσσερακονταετής	2	2
καταπονέω	2	2
Σινᾶ	2	4
στεναγμός	2	2
ἐρυθρός	2	2
ἐξωθέω	2	2
σκήνωμα	2	3
διαταγή	2	2
διασπείρω	2	3
μεσημβρία	2	2
ἅρμα	2	4
περιαστράπτω	2	2
χειραγωγέω	2	2
Ταρσεύς	2	2
πορθέω	2	3
βυρσεύς	2	3
εὐσεβής	2	3
ὀθόνη	2	2
μηδαμῶς	2	2
ἀθέμιτος	2	2
καταδυναστεύω	2	2
ἐμφανής	2	2
Ἅγαβος	2	2
ἐκτενῶς	2	2
τάραχος	2	2
Λούκιος	2	2
ἐκπέμπω	2	2
Πέργη	2	3
Πισιδία	2	2
παροικία	2	2
ἐκδιηγέομαι	2	2
προσλαλέω	2	2
ἐπεγείρω	2	2
ὁρμή	2	2
καταφεύγω	2	2
Δέρβη	2	3
ὀρθός	2	2
Ἑρμῆς	2	2
εἰσπηδάω	2	2
ὁμοιοπαθής	2	2
καίτοι	2	2
ἀγαθοεργέω	2	2
οὐρανόθεν	2	2
καταπαύω	2	4
χειροτονέω	2	2
κατασκάπτω	2	2
πνικτός	2	3
παροξυσμός	2	2
ἀποχωρίζομαι	2	2
Γαλατικός	2	2
Βιθυνία	2	2
εὐθυδρομέω	2	2
ῥαβδίζω	2	2
ἐσώτερος	2	2
ἀκατάκριτος	2	2
ἀγοραῖος	2	2
Ἰάσων	2	5
παροξύνομαι	2	2
ἀναθεωρέω	2	2
σέβασμα	2	2
εὐσεβέω	2	2
θεῖος	2	3
Κρίσπος	2	2
Κορίνθιος	2	2
Σωσθένης	2	2
Κεγχρεαί	2	2
ζέω	2	2
περίεργος	2	2
Δημήτριος	2	3
Ἐφέσιος	2	5
θέατρον	2	3
συνέκδημος	2	2
προπετής	2	2
ἔννομος	2	2
συστροφή	2	2
θυρίς	2	2
Μίλητος	2	3
ἐκεῖσε	2	2
γόμος	2	3
ἐξαρτίζω	2	2
πλοῦς	2	3
ἀποστασία	2	2
ξυράομαι	2	3
σιγή	2	2
τιμωρέω	2	2
ἀπολούομαι	2	2
καθήκω	2	2
κεφάλαιον	2	2
πολιτεία	2	2
πολιτεύομαι	2	2
διαγινώσκω	2	2
Λυσίας	2	2
ἔγκλημα	2	2
ἐπαρχεία	2	2
πρόνοια	2	2
ἐπιείκεια	2	2
εὔθυμος	2	2
ἐπίστασις	2	2
διετία	2	2
κατατίθημι	2	2
Ἀγρίππας	2	11
Βερνίκη	2	3
ἀνατίθεμαι	2	2
Σεβαστός	2	3
ψῆφος	2	3
σωφροσύνη	2	3
Ἀλεξανδρῖνος	2	2
Κρήτη	2	5
ὕβρις	2	3
ζημία	2	4
κυβερνήτης	2	2
βοήθεια	2	2
εὐθυμέω	2	3
ἀποβολή	2	2
ναύτης	2	3
ἄγκυρα	2	4
κορέννυμι	2	2
πηδάλιον	2	2
ἀσάλευτος	2	2
φιλανθρωπία	2	2
ἀναδέχομαι	2	2
ξενία	2	2
προεπαγγέλλομαι	2	2
ποίημα	2	2
ἀΐδιος	2	2
ἀναπολόγητος	2	2
φυσικός	2	3
ἀσχημοσύνη	2	2
ἀντιμισθία	2	2
ὑβριστής	2	2
ἀλαζών	2	2
ἄστοργος	2	2
ἀνοχή	2	2
ἀκροατής	2	4
λογισμός	2	2
παιδευτής	2	2
μόρφωσις	2	2
βδελύσσομαι	2	2
ὠφέλεια	2	2
ἐπιφέρω	2	2
ἔνδικος	2	2
ταλαιπωρία	2	2
ἱλαστήριον	2	2
ἐκκλείω	2	2
μακαρισμός	2	3
νέκρωσις	2	2
δικαίωσις	2	2
τάχα	2	2
ἐλλογέω	2	2
δώρημα	2	2
κατάκριμα	2	3
παρεισέρχομαι	2	2
ὑπερπερισσεύω	2	2
συνθάπτομαι	2	2
καινότης	2	2
ταλαίπωρος	2	2
συμπάσχω	2	2
ἀποκαραδοκία	2	2
ἑκών	2	2
σύμμορφος	2	2
κίνδυνος	2	9
ὕψωμα	2	2
ἀδιάλειπτος	2	2
ὀδύνη	2	2
μήπω	2	2
ἐξεγείρω	2	2
μέμφομαι	2	2
πλάσσω	2	2
προετοιμάζω	2	2
Σαβαώθ	2	2
φθόγγος	2	2
παροργίζω	2	2
ἥττημα	2	2
ἀμεταμέλητος	2	2
ἀνεξιχνίαστος	2	2
λογικός	2	2
συσχηματίζομαι	2	2
ἀνακαίνωσις	2	2
φιλοξενία	2	2
ψωμίζω	2	2
σωρεύω	2	2
ἔκδικος	2	2
ἀνακεφαλαιόω	2	2
κρέας	2	2
ὑποτίθημι	2	2
διχοστασία	2	2
ἄκακος	2	2
Στεφανᾶς	2	3
ὑπεροχή	2	2
συγκρίνω	2	3
πνευματικῶς	2	2
συμβασιλεύω	2	2
παιδαγωγός	2	3
ἐκκαθαίρω	2	2
συναναμίγνυμι	2	3
λοίδορος	2	2
μέθυσος	2	2
κριτήριον	2	3
ἐντροπή	2	2
ἀρσενοκοίτης	2	2
ἐγκρατεύομαι	2	2
καταχράομαι	2	2
σχῆμα	2	2
ἀσχημονέω	2	2
G2908	2	2
διόπερ	2	2
ἀλοάω	2	3
βραβεῖον	2	2
πόμα	2	2
ἔκβασις	2	2
περιβόλαιον	2	2
ἥσσων	2	2
κυριακός	2	2
ὁσάκις	2	3
φανέρωσις	2	2
ἑρμηνεία	2	2
συγκεράννυμι	2	2
ἔσοπτρον	2	2
κιθαρίζω	2	2
ἐλεεινός	2	2
ὄφελος	2	3
ἀγνωσία	2	2
ἀθανασία	2	3
G2277	2	2
ἐξαπορέομαι	2	2
κυρόω	2	2
θριαμβεύω	2	2
πλάξ	2	3
ἱκανόω	2	2
κατάκρισις	2	2
ὀστράκινος	2	2
στενοχωρέομαι	2	3
καταβάλλω	2	2
ἀνακαινόω	2	2
οἰκητήριον	2	2
πρεσβεύω	2	2
μωμάομαι	2	2
ἀγρυπνία	2	2
ἁγνότης	2	2
πτωχεία	2	3
πέρυσι(ν)	2	2
ἰσότης	2	3
στέλλομαι	2	2
ἐρεθίζω	2	2
αὐτάρκεια	2	2
χορηγέω	2	2
προσαναπληρόω	2	2
στρατεία	2	2
καθαίρεσις	2	3
κανών	2	4
Εὕα	2	2
καταναρκάω	2	3
θαῦμα	2	2
καταδουλόω	2	2
ναυαγέω	2	2
ψευδάδελφος	2	2
ὑπεραίρομαι	2	3
ἡττάομαι	2	3
καταλαλιά	2	2
προαμαρτάνω	2	2
ἀποτόμως	2	2
προσανατίθημι	2	2
Ἀραβία	2	2
καταγινώσκω	2	3
ἐνάρχομαι	2	2
ἀληθεύω	2	2
ὠδίνω	2	3
πηλίκος	2	2
G3064	2	2
συζωοποιέω	2	2
ἀποκαταλλάσσω	2	3
ἀκρογωνιαῖος	2	2
συναρμολογέομαι	2	2
κατοικητήριον	2	2
συμμέτοχος	2	2
ῥιζόομαι	2	2
μῆκος	2	3
αἰχμαλωσία	2	3
μεθοδεία	2	2
ἁφή	2	2
ἐπιχορηγία	2	2
αὔξησις	2	2
εὔσπλαγχνος	2	2
ὕμνος	2	2
λουτρόν	2	2
σπίλος	2	2
ἐκτρέφω	2	2
θάλπω	2	2
ὀφθαλμοδουλία	2	2
ἀνθρωπάρεσκος	2	2
περικεφαλαία	2	2
βεβαίωσις	2	2
εἰλικρινής	2	2
προκοπή	2	3
συναθλέω	2	2
φωστήρ	2	2
σπένδομαι	2	2
ἀφοράω	2	2
Ἐπαφρόδιτος	2	2
συστρατιώτης	2	2
δόσις	2	2
δυναμόω	2	2
ἡλίκος	2	3
παραλογίζομαι	2	2
ὑπεναντίος	2	2
ἀπεκδύομαι	2	2
τελειότης	2	2
Ὀνήσιμος	2	2
Ἄρχιππος	2	2
ἀμέμπτως	2	2
τοιγαροῦν	2	2
ἀρχάγγελος	2	2
ὁλόκληρος	2	2
ἐπισυναγωγή	2	2
ἑτεροδιδασκαλέω	2	2
γενεαλογία	2	2
διαβεβαιόομαι	2	2
νομίμως	2	2
ἀνόσιος	2	2
ἀποδοχή	2	2
ὑποτύπωσις	2	2
Ὑμέναιος	2	2
ἔντευξις	2	2
ἡσύχιος	2	2
διάγω	2	2
ἀπόδεκτος	2	2
κόσμιος	2	2
δέος	2	2
νηφάλιος	2	3
διδακτικός	2	2
πάροινος	2	2
πλήκτης	2	2
ἄμαχος	2	2
ἀφιλάργυρος	2	2
αἰσχροκερδής	2	2
βραδύνω	2	2
ἁγνεία	2	2
πρόγονος	2	2
σπαταλάω	2	2
λοιδορία	2	3
πρόδηλος	2	3
ἀπόλαυσις	2	2
παραθήκη	2	3
κενοφωνία	2	2
συγκακοπαθέω	2	2
Ὀνησίφορος	2	2
ἐμπλέκομαι	2	2
στεφανόω	2	3
καταστροφή	2	2
ξύλινος	2	2
εὐσεβῶς	2	2
σοφίζω	2	2
ἔλεγχος	2	2
αὐθάδης	2	2
κοσμικός	2	2
ἀνωφελής	2	2
ἑλίσσω	2	2
μερισμός	2	2
G3403	2	2
ἔννοια	2	2
συμπαθέω	2	2
ὁμοιότης	2	2
εὐλάβεια	2	2
νωθρός	2	2
διηνεκής	2	4
νομοθετέομαι	2	2
ἀθέτησις	2	2
τράγος	2	3
ῥαντίζω	2	4
ἐγκαινίζω	2	2
ἔριον	2	2
ἀντίτυπος	2	2
ἑκουσίως	2	2
φοβερός	2	3
εὐαρεστέω	2	3
Ῥαάβ	2	2
κακουχέομαι	2	2
ὀπή	2	2
κάμνω	2	2
εἰρηνικός	2	2
ἐπισκοπέω	2	2
ῥαντισμός	2	2
δοκίμιον	2	2
δίψυχος	2	2
ἀκατάστατος	2	2
ἄνθος	2	4
δελεάζω	2	3
χαλιναγωγέω	2	2
ῥυπαρός	2	2
χαλινός	2	2
σπιλόω	2	2
γλυκύς	2	4
ἄγε	2	2
ἐμπορεύομαι	2	2
ἀλαζονεία	2	2
κακοποιός	2	3
ἐποπτεύω	2	2
ἀδελφότης	2	2
ἀπόθεσις	2	2
πύρωσις	2	3
ἐπάγγελμα	2	2
ἀποφεύγω	2	3
ταχινός	2	2
ἐξακολουθέω	2	3
ἔκπαλαι	2	2
ἄθεσμος	2	2
συνευωχέομαι	2	2
ἀστήρικτος	2	2
ὑπέρογκος	2	2
ἐμπαίκτης	2	2
ἀγγελία	2	2
ἱλασμός	2	2
Μιχαήλ	2	2
Πέργαμος	2	2
Σάρδεις	2	3
Φιλαδέλφεια	2	2
χαλκολίβανον	2	2
πρωϊνός	2	2
ἴασπις	2	4
ἶρις	2	2
ὑάλινος	2	3
κρύσταλλος	2	2
G4150	2	2
καῦμα	2	2
οὐρά	2	5
Εὐφράτης	2	2
ἑξακόσιοι	2	2
κιθαρῳδός	2	2
κεράννυμι	2	3
χρυσόω	2	2
ὄρνεον	2	3
βύσσινος	2	5
Ζάρα	1	1
Θαμάρ	1	1
Ῥαχάβ	1	1
Ῥούθ	1	1
Οὐρίας	1	1
Ῥοβοάμ	1	2
Ἀσάφ	1	2
Ἰωσαφάτ	1	2
Ἰωράμ	1	2
Ὀζίας	1	2
Ἰωαθάμ	1	2
Ἀχάζ	1	2
Ἑζεκίας	1	2
Ἀμώς	1	2
Ἰωσίας	1	2
Ἰεχονίας	1	2
μετοικεσία	1	4
Ἀβιούδ	1	2
Ἀζώρ	1	2
Σαδώκ	1	2
Ἀχίμ	1	2
Ἐλιούδ	1	2
Ἐλεάζαρ	1	2
Ματθάν	1	2
Ἐμμανουήλ	1	1
οὐδαμῶς	1	1
ἀκριβόω	1	2
τελευτή	1	1
θυμόομαι	1	1
διετής	1	1
Ῥαμά	1	1
Ῥαχήλ	1	1
Ἀρχέλαος	1	1
διακωλύω	1	1
παραθαλάσσιος	1	1
εἰρηνοποιός	1	1
ἰῶτα	1	1
ῥακά	1	1
διαλλάσσομαι	1	1
εὐνοέω	1	1
ἐπιορκέω	1	1
μίλιον	1	1
βατταλογέω	1	1
πολυλογία	1	1
καταμανθάνω	1	1
πλατεῖα	1	1
εὐρύχωρος	1	1
βροχή	1	2
Γαδαρηνός	1	1
δαίμων	1	1
αἱμορροέω	1	1
οἰκιακός	1	2
διχάζω	1	1
βιαστής	1	1
ἀναίτιος	1	2
αἱρετίζω	1	1
ἐρίζω	1	1
τύφομαι	1	1
κῆτος	1	1
ζιζάνιον	1	8
συναυξάνομαι	1	1
θεριστής	1	2
δέσμη	1	1
ἐρεύγομαι	1	1
ἐκλάμπω	1	1
σαγήνη	1	1
ἀναβιβάζω	1	1
προβιβάζω	1	1
φυτεία	1	1
φράζω	1	1
ἀκμήν	1	1
Χαναναῖος	1	1
Μαγαδάν	1	1
εὐδία	1	1
πυρράζω	1	2
Βαριωνᾶ	1	1
δίδραχμον	1	2
προφθάνω	1	1
ἄγκιστρον	1	1
στατήρ	1	1
ἑβδομηκοντάκις	1	1
δάνειον	1	1
βασανιστής	1	1
εὐνουχίζω	1	2
τρύπημα	1	1
μισθόομαι	1	2
G3185	1	1
ἐπικαθίζω	1	1
θαυμάσιος	1	1
σιτιστός	1	1
ἐμπορία	1	1
ἐμπίμπρημι	1	1
διέξοδος	1	1
παγιδεύω	1	1
νόμισμα	1	1
ἐπιγαμβρεύω	1	1
φυλακτήριον	1	1
καθηγητής	1	2
ἄνηθον	1	1
κύμινον	1	1
διϋλίζω	1	1
κώνωψ	1	1
παροψίς	1	2
παρομοιάζω	1	1
Βαραχίας	1	1
νοσσίον	1	1
ψύχομαι	1	1
Δανιήλ	1	1
φυγή	1	1
τραπεζίτης	1	1
ἐρίφιον	1	1
βαρύτιμος	1	1
δεῖνα	1	1
ἐξορκίζω	1	1
καταθεματίζω	1	1
ἀθῷος	1	2
ἀπάγχομαι	1	1
ταφή	1	1
καθά	1	1
ἀπονίπτω	1	1
χλαμύς	1	2
ἀναβοάω	1	1
ἠλί	1	2
ἔγερσις	1	1
τοὔνομα	1	1
εἰδέα	1	1
ἔννυχα	1	1
καταδιώκω	1	1
κωμόπολις	1	1
ἀποστεγάζω	1	1
ἐπιράπτω	1	1
Ἀβιαθάρ	1	1
συλλυπέομαι	1	1
Ἰδουμαία	1	1
Βοανηργές	1	1
μηκύνομαι	1	1
προσκεφάλαιον	1	1
κατοίκησις	1	1
κατακόπτω	1	1
δισχίλιοι	1	1
ἐσχάτως	1	1
συνθλίβω	1	2
ταλιθα	1	1
κουμ	1	1
σπεκουλάτωρ	1	1
συμπόσιον	1	2
πρασιά	1	2
προσορμίζομαι	1	1
περιτρέχω	1	1
πυγμή	1	1
ξέστης	1	1
χαλκίον	1	1
παρόμοιος	1	1
ὑπερηφανία	1	1
Συροφοινίκισσα	1	1
μογιλάλος	1	1
εφφαθα	1	1
περισσότερον	1	1
ὑπερπερισσῶς	1	1
Δαλμανουθά	1	1
ἀναστενάζω	1	1
τηλαυγῶς	1	1
στίλβω	1	1
γναφεύς	1	1
ἐξάπινα	1	1
ἐξουδενέω	1	1
ἀφρίζω	1	2
τρίζω	1	1
κυλίομαι	1	1
παιδιόθεν	1	1
ἐπισυντρέχω	1	1
σκώληξ	1	1
ἄναλος	1	1
ἅλα	1	1
δύσκολος	1	1
προσπορεύομαι	1	1
Τιμαῖος	1	1
Βαρτιμαῖος	1	1
ἄμφοδον	1	1
στιβάς	1	1
ὑπολήνιον	1	1
κεφαλιόω	1	1
ἀγρεύω	1	1
νουνεχῶς	1	1
προμεριμνάω	1	1
ἀπόδημος	1	1
ἀλεκτοροφωνία	1	1
μυρίζω	1	1
G566	1	1
σύσσημον	1	1
προαύλιον	1	1
ὁμοιάζω	1	1
στασιαστής	1	1
σμυρνίζω	1	1
οὐά	1	1
ἐλωΐ	1	2
κεντυρίων	1	3
προσάββατον	1	1
ἐνειλέω	1	1
θανάσιμον	1	1
ἐπειδήπερ	1	1
ἀνατάσσομαι	1	1
διήγησις	1	1
αὐτόπτης	1	1
ἐφημερία	1	2
Ἐλισάβετ	1	9
ἱερατεύω	1	1
θυμιάω	1	1
σίκερα	1	1
Γαβριήλ	1	2
διανεύω	1	1
περικρύβω	1	1
ὄνειδος	1	1
διαταράσσω	1	1
γῆρας	1	1
ὀρεινός	1	2
ἀναφωνέω	1	1
περίοικος	1	1
ἐννεύω	1	1
πινακίδιον	1	1
περιοικέω	1	1
ἀνάδειξις	1	1
Αὐγοῦστος	1	1
Κυρήνιος	1	1
ἔγκυος	1	1
σπαργανόω	1	2
ἀγραυλέω	1	1
G1232	1	1
τρυγών	1	1
νοσσός	1	1
ἐθίζω	1	1
ἀγκάλη	1	1
Ἅννα	1	1
Φανουήλ	1	1
παρθενία	1	1
ἀνθομολογέομαι	1	1
συνοδία	1	1
πεντεκαιδέκατος	1	1
ἡγεμονία	1	1
Τιβέριος	1	1
τετρααρχέω	1	3
Ἰτουραῖος	1	1
Τραχωνῖτις	1	1
Λυσανίας	1	1
Ἀβιληνή	1	1
φάραγξ	1	1
λεῖος	1	1
διασείω	1	1
Ἠλί	1	1
Μαθθάτ	1	2
Μελχί	1	2
Ἰανναί	1	1
Ματταθίας	1	2
G301	1	1
Ναούμ	1	1
Ἑσλί	1	1
Ναγγαί	1	1
Μάαθ	1	1
Σεμεΐν	1	1
Ἰωανάν	1	1
Ῥησά	1	1
Νηρί	1	1
Ἀδδί	1	1
Κωσάμ	1	1
Ἐλμαδάμ	1	1
Ἤρ	1	1
G2499	1	1
Ἐλιέζερ	1	1
Ἰωρίμ	1	1
Ἰωνάμ	1	1
Μελεά	1	1
Μεννά	1	1
Ματταθά	1	1
Ναθάμ	1	1
Θάρα	1	1
Ναχώρ	1	1
Σερούχ	1	1
Ῥαγαύ	1	1
Φάλεκ	1	1
Ἔβερ	1	1
G4527	1	1
Καϊνάμ	1	2
Ἀρφαξάδ	1	1
Σήμ	1	1
Λάμεχ	1	1
Μαθουσαλά	1	1
Ἰάρετ	1	1
Μαλελεήλ	1	1
Ἐνώς	1	1
Σήθ	1	1
στιγμή	1	1
διαφυλάσσω	1	1
ἀναπτύσσω	1	1
αἰχμάλωτος	1	1
ἀνάβλεψις	1	1
θραύω	1	1
πτύσσω	1	1
Σάρεπτα	1	1
Ἐλισαῖος	1	1
Ναιμάν	1	1
Σύρος	1	1
ὀφρῦς	1	1
κατακρημνίζω	1	1
ἔα	1	1
πλύνω	1	1
ἄγρα	1	2
κατανεύω	1	1
κέραμος	1	1
κλινίδιον	1	2
παράδοξος	1	1
Λευίς	1	1
βλητέος	1	1
ψώχω	1	1
διανυκτερεύω	1	1
πεδινός	1	1
παράλιος	1	1
γελάω	1	2
ἀπελπίζω	1	1
πιέζω	1	1
ὑπερεκχύννομαι	1	1
ἀντιμετρέω	1	1
προφέρω	1	2
βαθύνω	1	1
πλήμμυρα	1	1
προσρήγνυμι	1	2
ῥῆγμα	1	1
Ναΐν	1	1
ἐκκομίζω	1	1
σορός	1	1
βασίλειον	1	1
δανιστής	1	1
διαλείπω	1	1
Χουζᾶς	1	1
Σουσάννα	1	1
σύνειμι	1	1
ἐπιπορεύομαι	1	1
ἰκμάς	1	1
συμφύομαι	1	1
ἀποπνίγω	1	2
τελεσφορέω	1	1
συντυγχάνω	1	1
ἀφυπνόω	1	1
καταπλέω	1	1
ἀντιπέρα	1	1
G1196	1	1
προσαναλίσκω	1	1
ἀποθλίβω	1	1
ἐπισιτισμός	1	1
κλισία	1	1
ἐξαστράπτω	1	1
διαγρηγορέω	1	1
διαχωρίζομαι	1	1
ἀφρός	1	1
μόγις	1	1
παρακαλύπτομαι	1	1
αἰσθάνομαι	1	1
ἀνάλημψις	1	1
ἄροτρον	1	1
ἀρήν	1	1
ἀπομάσσομαι	1	1
ἡμιθανής	1	1
συγκυρία	1	1
ἀντιπαρέρχομαι	1	2
ὁδεύω	1	1
καταδέω	1	1
τραῦμα	1	1
ἐπιχέω	1	1
πανδοχεῖον	1	1
πανδοχεύς	1	1
προσδαπανάω	1	1
παρακαθέζομαι	1	1
περισπάομαι	1	1
θορυβάζω	1	1
κίχρημι	1	1
ἀναίδεια	1	1
ᾠόν	1	1
διανόημα	1	1
καθοπλίζω	1	1
σκῦλα	1	1
ἐπαθροίζομαι	1	1
G3535	1	1
κρύπτη	1	1
ἔνειμι	1	1
πήγανον	1	1
δυσβάστακτος	1	1
προσψαύω	1	1
ἀποστοματίζω	1	1
θηρεύω	1	1
συγκαλύπτω	1	1
ἐμβάλλω	1	1
μεριστής	1	1
εὐφορέω	1	1
κόραξ	1	1
μετεωρίζομαι	1	1
ἀνέκλειπτος	1	1
σιτομέτριον	1	1
διαμερισμός	1	1
ὄμβρος	1	1
κατασύρω	1	1
πράκτωρ	1	2
ἀμπελουργός	1	1
συγκύπτω	1	1
ἀποκλείω	1	1
ἐνδέχεται	1	1
νοσσιά	1	1
ὑδρωπικός	1	1
προσαναβαίνω	1	1
ἀντικαλέω	1	1
ἀνάπηρος	1	2
δαπάνη	1	1
ἀπαρτισμός	1	1
ἐκτελέω	1	2
δραχμή	1	3
ἐπιμελῶς	1	1
οὐσία	1	2
ἀσώτως	1	1
κεράτιον	1	1
μίσθιος	1	2
δακτύλιος	1	1
σιτευτός	1	3
συμφωνία	1	1
χορός	1	1
διαβάλλω	1	1
οἰκονομέω	1	1
G943	1	1
κόρος	1	1
φρονίμως	1	1
βύσσος	1	1
λαμπρῶς	1	1
ἑλκόομαι	1	1
ἐπιλείχω	1	1
καταψύχω	1	1
χάσμα	1	1
ἀνένδεκτος	1	1
λυσιτελεῖ	1	1
μυλικός	1	1
συκάμινος	1	1
ἀλλογενής	1	1
παρατήρησις	1	1
πολλαπλασίων	1	1
Ζακχαῖος	1	3
ἀρχιτελώνης	1	1
συκομορέα	1	1
τετραπλοῦς	1	1
μνᾶ	1	9
πραγματεύομαι	1	1
διαπραγματεύομαι	1	1
προσεργάζομαι	1	1
αὐστηρός	1	2
κατασφάζω	1	1
ὑποστρωννύω	1	1
κατάβασις	1	1
χάραξ	1	1
περικυκλόω	1	1
ἐδαφίζω	1	1
ἐκκρέμαμαι	1	1
συλλογίζομαι	1	1
καταλιθάζω	1	1
ἴσως	1	1
ἐγκάθετος	1	1
ὑποκρίνομαι	1	1
ἄτεκνος	1	2
ἰσάγγελος	1	1
πενιχρός	1	1
ἀνάθεμα	1	1
φόβητρον	1	1
προμελετάω	1	1
στρατόπεδον	1	1
ἐκχωρέω	1	1
ἀπορία	1	1
σάλος	1	1
ἀποψύχω	1	1
G925	1	1
κραιπάλη	1	1
ὀρθρίζω	1	1
ἄτερ	1	2
φιλονεικία	1	1
εὐεργέτης	1	1
ἐξαιτέομαι	1	1
σινιάζω	1	1
βολή	1	1
ἀγωνία	1	1
ἐκτενέστερον	1	1
ἱδρώς	1	1
θρόμβος	1	1
ἐπισχύω	1	1
παμπληθεί	1	1
ἐπικρίνω	1	1
ὑγρός	1	1
συμπαραγίνομαι	1	1
θεωρία	1	1
συγκατατίθεμαι	1	1
λαξευτός	1	1
λῆρος	1	1
Ἐμμαοῦς	1	1
ἀντιβάλλω	1	1
Κλεοπᾶς	1	1
ὀρθρινός	1	1
προσποιέομαι	1	1
ἄφαντος	1	1
βρώσιμος	1	1
ὀπτός	1	1
μετρητής	1	1
ἀρχιτρίκλινος	1	3
κερματιστής	1	1
φραγέλλιον	1	1
κέρμα	1	1
ἐμπόριον	1	1
γέρων	1	1
Αἰνών	1	1
Σαλείμ	1	1
καίτοιγε	1	1
Συχάρ	1	1
Σαμαρῖτις	1	2
συγχράομαι	1	1
ἄντλημα	1	1
θρέμμα	1	1
προσκυνητής	1	1
τετράμηνος	1	1
κομψότερον	1	1
προβατικός	1	1
Βηθεσδά	1	1
ἐκνεύω	1	1
παιδάριον	1	1
κρίθινος	1	2
βιβρώσκω	1	1
σκηνοπηγία	1	1
μεσόω	1	1
πότερον	1	1
χολάω	1	1
G4482	1	1
ἀναμάρτητος	1	1
γενετή	1	1
πτύσμα	1	1
ἐπιχρίω	1	2
θεοσεβής	1	1
ἐγκαίνια	1	1
ἐξυπνίζω	1	1
κοίμησις	1	1
συμμαθητής	1	1
δακρύω	1	1
ὄζω	1	1
τεταρταῖος	1	1
κειρία	1	1
περιδέω	1	1
Ἐφραίμ	1	1
βάϊον	1	1
ὀνάριον	1	1
ἤπερ	1	1
λέντιον	1	2
νιπτήρ	1	1
πτέρνα	1	1
ψωμίον	1	4
μονή	1	2
δειλιάω	1	1
κλῆμα	1	4
καθαίρω	1	1
χείμαρρος	1	1
Κεδρών	1	1
φανός	1	1
Μάλχος	1	1
θήκη	1	1
πενθερός	1	1
οὐκοῦν	1	1
λιθόστρωτος	1	1
Γαββαθα	1	1
τίτλος	1	2
Ῥωμαϊστί	1	1
ἄραφος	1	1
ὑφαντός	1	1
Κλωπᾶς	1	1
σκέλος	1	3
λόγχη	1	1
νύσσω	1	1
μίγμα	1	1
ἀλόη	1	1
κηπουρός	1	1
ἐμφυσάω	1	1
ἧλος	1	2
ἁλιεύω	1	1
προσφάγιον	1	1
ἐπενδύτης	1	1
τεκμήριον	1	1
ὀπτάνομαι	1	1
συναλίζομαι	1	1
περιμένω	1	1
G2067	1	1
καταμένω	1	1
καταριθμέω	1	1
πρηνής	1	1
λακάω	1	1
Ἁκελδαμάχ	1	1
ἔπαυλις	1	1
Μαθθίας	1	2
συγκαταψηφίζομαι	1	1
βίαιος	1	1
Πάρθος	1	1
Μῆδος	1	1
Ἐλαμίτης	1	1
Λιβύη	1	1
Κυρήνη	1	1
Ἄραψ	1	1
μεγαλεῖος	1	1
γλεῦκος	1	1
μεστόω	1	1
ἐνωτίζομαι	1	1
Ἰωήλ	1	1
ἐνύπνιον	1	1
ἐπιφανής	1	1
ἔκδοτος	1	1
προσπήγνυμι	1	1
κατανύσσομαι	1	1
τρισχίλιοι	1	1
ἀφελότης	1	1
βάσις	1	1
σφυδρόν	1	1
ἐξάλλομαι	1	1
ἔκθαμβος	1	1
ὁλοκληρία	1	1
ἀνάψυξις	1	1
ἀποκατάστασις	1	1
ἐξολεθρεύω	1	1
ἀρχιερατικός	1	1
ἀγράμματος	1	1
διανέμω	1	1
καθόλου	1	1
προσαπειλέομαι	1	1
φρυάσσω	1	1
ἐνδεής	1	1
κτήτωρ	1	1
Σάπφιρα	1	1
διάστημα	1	1
πέριξ	1	1
ὀχλέομαι	1	1
γερουσία	1	1
Θευδᾶς	1	1
διαλύω	1	1
θεομάχος	1	1
παραθεωρέω	1	1
καθημερινός	1	1
Πρόχορος	1	1
Νικάνωρ	1	1
Τίμων	1	1
Παρμενᾶς	1	1
Νικόλαος	1	1
Ἀντιοχεύς	1	1
Λιβερτῖνος	1	1
ὑποβάλλω	1	1
συγκινέω	1	1
Χαρράν	1	2
Χαλδαῖος	1	1
μετοικίζω	1	2
κατάσχεσις	1	2
χόρτασμα	1	1
ἀναγνωρίζομαι	1	1
Συχέμ	1	2
ὠνέομαι	1	1
Ἑμμώρ	1	1
κατασοφίζομαι	1	1
ἔκθετος	1	1
ἀμύνομαι	1	1
συναλλάσσω	1	1
δικαστής	1	2
Μαδιάμ	1	1
κάκωσις	1	1
λυτρωτής	1	1
μοσχοποιέω	1	1
σφάγιον	1	1
Μολόχ	1	1
Ῥαιφάν	1	1
ἐπέκεινα	1	1
διαδέχομαι	1	1
σκληροτράχηλος	1	1
ἀπερίτμητος	1	1
ἀντιπίπτω	1	1
ἔλευσις	1	1
βρύχω	1	1
ἀναίρεσις	1	1
συγκομίζω	1	1
κοπετός	1	1
λυμαίνομαι	1	1
μαγεύω	1	1
μαγεία	1	1
ἐπίνοια	1	1
Γάζα	1	1
Αἰθίοψ	1	2
Κανδάκη	1	1
γάζα	1	1
περιοχή	1	1
Ἄζωτος	1	1
ἐμπνέω	1	1
συνοδεύω	1	1
ἐνέος	1	1
ἀποπίπτω	1	1
λεπίς	1	1
Λύδδα	1	3
Αἰνέας	1	2
Σαρών	1	1
μαθήτρια	1	1
Ταβιθά	1	2
Δορκάς	1	2
ὀκνέω	1	1
Κορνήλιος	1	8
Ἰταλικός	1	1
ὁδοιπορέω	1	1
πρόσπεινος	1	1
διερωτάω	1	1
εἰσκαλέομαι	1	1
συνομιλέω	1	1
ἀλλόφυλος	1	1
ἀναντιρρήτως	1	1
προσωπολήμπτης	1	1
εὐεργετέω	1	1
προχειροτονέω	1	1
συμπίνω	1	1
εὐπορέομαι	1	1
τετράδιον	1	1
οἴκημα	1	1
Ῥόδη	1	1
εἰστρέχω	1	1
θυμομαχέω	1	1
Τύριος	1	1
Βλάστος	1	1
κοιτών	1	1
τακτός	1	1
δημηγορέω	1	1
σκωληκόβρωτος	1	1
Νίγερ	1	1
Μαναήν	1	1
σύντροφος	1	1
Σελεύκεια	1	1
Σαλαμίς	1	1
Πάφος	1	2
Βαριησοῦς	1	1
Σέργιος	1	1
Ἐλύμας	1	1
ῥᾳδιουργία	1	1
ἀχλύς	1	1
χειραγωγός	1	1
τροποφορέω	1	1
κατακληρονομέω	1	1
Κίς	1	1
προκηρύσσω	1	1
ἐκπληρόω	1	1
καταφρονητής	1	1
παροτρύνω	1	1
Λυκαονία	1	1
Λυκαονιστί	1	1
Ζεύς	1	2
στέμμα	1	1
παροίχομαι	1	1
ἀμάρτυρος	1	1
καρποφόρος	1	1
Ἀττάλεια	1	1
ἐπιστροφή	1	1
ἀνοικοδομέω	1	2
κατάλοιπος	1	1
παρενοχλέω	1	1
ἀλίσγημα	1	1
ἀνασκευάζω	1	1
ἐπάναγκες	1	1
ῥώννυμαι	1	1
Μυσία	1	2
Σαμοθρᾴκη	1	1
κολωνία	1	1
Λυδία	1	2
πορφυρόπωλις	1	1
πύθων	1	1
μαντεύομαι	1	1
ἐκταράσσω	1	1
συνεφίστημι	1	1
περιρήγνυμι	1	1
δεσμοφύλαξ	1	3
ἐπακροάομαι	1	1
ἔξυπνος	1	1
πανοικεί	1	1
ῥαβδοῦχος	1	2
Ἀμφίπολις	1	1
Ἀπολλωνία	1	1
προσκληρόομαι	1	1
ὀχλοποιέω	1	1
πολιτάρχης	1	2
Βέροια	1	2
ἄπειμι	1	1
G5033	1	1
κατείδωλος	1	1
παρατυγχάνω	1	1
Ἐπικούρειος	1	1
Στοϊκός	1	1
φιλόσοφος	1	1
σπερμολόγος	1	1
καταγγελεύς	1	1
Ἄρειος	1	2
Ἀθηναῖος	1	2
δεισιδαίμων	1	1
βωμός	1	1
ἄγνωστος	1	1
προσδέομαι	1	1
G4384	1	1
ὁροθεσία	1	1
κατοικία	1	1
G5120	1	1
ὑπεροράω	1	1
Διονύσιος	1	1
Ἀρεοπαγίτης	1	1
Δάμαρις	1	1
Ποντικός	1	1
προσφάτως	1	1
Πρίσκιλλα	1	3
ὁμότεχνος	1	1
σκηνοποιός	1	1
συνομορέω	1	1
Γαλλίων	1	3
κατεφίστημι	1	1
ἀναπείθω	1	1
ῥᾳδιούργημα	1	1
ἀπελαύνω	1	1
ἐπινεύω	1	1
λόγιος	1	1
προτρέπομαι	1	1
διακατελέγχομαι	1	1
ἀνωτερικός	1	1
σχολή	1	1
Τύραννος	1	1
χρώς	1	1
σιμικίνθιον	1	1
ἐξορκιστής	1	1
Σκευᾶς	1	1
ἐφάλλομαι	1	1
συμψηφίζω	1	1
ἀργυροκόπος	1	1
Ἄρτεμις	1	5
εὐπορία	1	1
ἀπελεγμός	1	1
θεά	1	1
σύγχυσις	1	1
Ἀσιάρχης	1	1
καταστέλλω	1	2
νεωκόρος	1	1
διοπετής	1	1
ἀναντίρρητος	1	1
ἱερόσυλος	1	1
Ἑλλάς	1	1
συνέπομαι	1	1
Σώπατρος	1	1
Βεροιαῖος	1	1
Σεκοῦνδος	1	1
Δερβαῖος	1	1
Ἀσιανός	1	1
παρατείνω	1	1
Εὔτυχος	1	1
τρίστεγον	1	1
συμπεριλαμβάνω	1	1
αὐγή	1	1
μετρίως	1	1
Ἆσσος	1	2
πεζεύω	1	1
Μιτυλήνη	1	1
ἄντικρυς	1	1
Χίος	1	1
παραβάλλω	1	1
Σάμος	1	1
παραπλέω	1	1
χρονοτριβέω	1	1
ἄφιξις	1	1
τριετία	1	1
Κώς	1	1
Ῥόδος	1	1
Πάταρα	1	1
ἀποφορτίζομαι	1	1
διανύω	1	1
Πτολεμαΐς	1	1
ἐντόπιος	1	1
συνθρύπτω	1	1
ἐπισκευάζομαι	1	1
Μνάσων	1	1
ἀσμένως	1	1
ἐκπλήρωσις	1	1
ἁγνισμός	1	1
συνδρομή	1	1
φάσις	1	1
κατατρέχω	1	1
ἀναβαθμός	1	2
σικάριος	1	1
ἄσημος	1	1
ἀκρίβεια	1	1
ἔδαφος	1	1
φυλακίζω	1	1
G4495	1	1
ἀνετάζω	1	2
προτείνω	1	1
μαστίζω	1	1
τοῖχος	1	1
παρανομέω	1	1
διαμάχομαι	1	1
συνωμοσία	1	1
ἐνέδρα	1	1
ἐκλαλέω	1	1
ἱππεύς	1	2
δεξιολάβος	1	1
Ἀντιπατρίς	1	1
ἀναδίδωμι	1	1
διακούω	1	1
ῥήτωρ	1	1
Τέρτυλλος	1	2
διόρθωμα	1	1
πάντῃ	1	1
πρωτοστάτης	1	1
ἀσκέω	1	1
ἀναβάλλομαι	1	1
Δρούσιλλα	1	1
διάδοχος	1	1
Πόρκιος	1	1
G1747	1	1
συγκαταβαίνω	1	1
αἰτίωμα	1	1
G2566	1	1
ἀναβολή	1	1
δεισιδαιμονία	1	1
διάγνωσις	1	1
φαντασία	1	1
ἀκροατήριον	1	1
ἐξοχή	1	1
συμπάρειμι	1	1
ἀνάκρισις	1	1
γνώστης	1	1
μακροθύμως	1	1
βίωσις	1	1
ἀκριβής	1	1
δωδεκάφυλον	1	1
ἐκτένεια	1	1
ἐμμαίνομαι	1	1
ἐπιτροπή	1	1
λαμπρότης	1	1
λακτίζω	1	1
πειράω	1	1
ἐπικουρία	1	1
παθητός	1	1
μανία	1	1
περιτρέπω	1	1
δεσμώτης	1	2
Ἰούλιος	1	2
Ἀδραμυττηνός	1	1
φιλανθρώπως	1	1
ἐπιμέλεια	1	1
ὑποπλέω	1	2
διαπλέω	1	1
Μύρα	1	1
Λυκία	1	1
ἐμβιβάζω	1	1
βραδυπλοέω	1	1
Κνίδος	1	1
προσεάω	1	1
Σαλμώνη	1	1
παραλέγομαι	1	2
Καλός	1	1
λιμήν	1	3
Λασαία	1	1
ἐπισφαλής	1	1
παραινέω	1	2
ναύκληρος	1	1
ἀνεύθετος	1	1
παραχειμασία	1	1
Φοῖνιξ	1	1
λίψ	1	1
χῶρος	1	1
ὑποπνέω	1	1
ἆσσον	1	1
τυφωνικός	1	1
εὐρακύλων	1	1
ἀντοφθαλμέω	1	1
νησίον	1	1
ὑποτρέχω	1	1
Καῦδα	1	1
περικρατής	1	1
σκάφη	1	3
ὑποζώννυμι	1	1
Σύρτις	1	1
σφοδρῶς	1	1
χειμάζομαι	1	1
ἐκβολή	1	1
αὐτόχειρ	1	1
σκευή	1	1
ἀσιτία	1	1
τεσσαρεσκαιδέκατος	1	2
Ἀδρίας	1	1
βολίζω	1	2
ὀργυιά	1	2
πρῷρα	1	2
ἄσιτος	1	1
διατελέω	1	1
κουφίζω	1	1
ζευκτηρία	1	1
ἀρτέμων	1	1
διθάλασσος	1	1
ἐπικέλλω	1	1
ναῦς	1	1
ἐρείδω	1	1
ἐκκολυμβάω	1	1
διαφεύγω	1	1
κολυμβάω	1	1
ἀπορίπτω	1	1
σανίς	1	1
Μελίτη	1	1
πυρά	1	2
φρύγανον	1	1
θέρμη	1	1
καθάπτω	1	1
πίμπρημι	1	1
μεταβάλλομαι	1	1
Πόπλιος	1	2
φιλοφρόνως	1	1
δυσεντέριον	1	1
παράσημος	1	1
Διόσκουροι	1	1
Συράκουσαι	1	1
Ῥήγιον	1	1
ἐπιγίνομαι	1	1
δευτεραῖος	1	1
Ποτίολοι	1	1
Ἀππίου	1	1
Φόρον	1	1
Ταβέρνη	1	1
θάρσος	1	1
ἀσύμφωνος	1	1
μίσθωμα	1	1
ἀκωλύτως	1	1
συμπαρακαλέομαι	1	1
καθοράω	1	1
θειότης	1	1
ματαιόομαι	1	1
μεταλλάσσω	1	2
σεβάζομαι	1	1
χρῆσις	1	2
ἐκκαίομαι	1	1
ὄρεξις	1	1
κακοήθεια	1	1
ψιθυριστής	1	1
κατάλαλος	1	1
θεοστυγής	1	1
ἐφευρετής	1	1
ἀσύνθετος	1	1
ἀνελεήμων	1	1
σκληρότης	1	1
ἀμετανόητος	1	1
δικαιοκρισία	1	1
ἀνόμως	1	2
γραπτός	1	1
ἐπονομάζομαι	1	1
ἱεροσυλέω	1	1
ψεῦσμα	1	1
προέχομαι	1	1
προαιτιάομαι	1	1
ἀχρειόομαι	1	1
λάρυγξ	1	1
δολιόω	1	1
ἀσπίς	1	1
ἀρά	1	1
σύντριμμα	1	1
ὑπόδικος	1	1
πάρεσις	1	1
προγίνομαι	1	1
ἐπικαλύπτω	1	1
ἑκατονταετής	1	1
σύμφυτος	1	1
ἤτοι	1	1
G1400	1	2
ὕπανδρος	1	1
παλαιότης	1	1
σύμφημι	1	1
παράκειμαι	1	2
συνήδομαι	1	1
ἀντιστρατεύομαι	1	1
φρόνημα	1	4
συνδοξάζομαι	1	1
συστενάζω	1	1
συνωδίνω	1	1
ὑπερεντυγχάνω	1	1
ἀλάλητος	1	1
ὑπερνικάω	1	1
νομοθεσία	1	1
Ῥεβέκκα	1	1
οἰκτίρω	1	2
πλάσμα	1	1
Ὡσηέ	1	1
ὑπόλειμμα	1	1
συντέμνω	1	1
ἀποτολμάω	1	1
ἐκπετάννυμι	1	1
ὑπολείπω	1	1
χρηματισμός	1	1
ἑπτακισχίλιοι	1	1
Βάαλ	1	1
λεῖμμα	1	1
κατάνυξις	1	1
θήρα	1	1
νῶτος	1	1
συγκάμπτω	1	1
πρόσλημψις	1	1
ἐκκλάω	1	3
ἀγριέλαιος	1	2
ἐγκεντρίζω	1	6
πιότης	1	1
ἀποτομία	1	2
καλλιέλαιος	1	1
ἀνεξεραύνητος	1	1
σύμβουλος	1	1
προδίδωμι	1	1
ὑπερφρονέω	1	1
ἀναλογία	1	1
ἱλαρότης	1	1
ἀποστυγέω	1	1
φιλόστοργος	1	1
προηγέομαι	1	1
ἄνθραξ	1	1
ἐγγύτερον	1	1
ἀσθένημα	1	1
τολμηρότερον	1	1
ἐπαναμιμνῄσκω	1	1
ἱερουργέω	1	1
Ἰλλυρικόν	1	1
ἐπιποθία	1	1
Σπανία	1	2
συναγωνίζομαι	1	1
συναναπαύομαι	1	1
Φοίβη	1	1
προστάτις	1	1
Ἐπαίνετος	1	1
Ἀνδρόνικος	1	1
Ἰουνία	1	1
Ἀμπλιᾶτος	1	1
Οὐρβανός	1	1
Στάχυς	1	1
Ἀπελλῆς	1	1
Ἀριστόβουλος	1	1
Ἡρῳδίων	1	1
Νάρκισσος	1	1
Τρύφαινα	1	1
Τρυφῶσα	1	1
Περσίς	1	1
Ἀσύγκριτος	1	1
Φλέγων	1	1
Πατροβᾶς	1	1
Ἑρμᾶς	1	1
Φιλόλογος	1	1
Ἰουλία	1	1
Νηρεύς	1	1
Ὀλυμπᾶς	1	1
χρηστολογία	1	1
ἀφικνέομαι	1	1
Σωσίπατρος	1	1
Τέρτιος	1	1
Κούαρτος	1	1
Χλόη	1	1
συζητητής	1	1
ἀγενής	1	1
πειθός	1	1
ἀπόδειξις	1	1
γεώργιον	1	1
ἀρχιτέκτων	1	1
καλάμη	1	1
δράσσομαι	1	1
ἐπιθανάτιος	1	1
γυμνιτεύω	1	1
ἀστατέω	1	1
περικάθαρμα	1	1
περίψημα	1	1
ἑορτάζω	1	1
ἐξαίρω	1	1
ἀνάξιος	1	1
μήτιγε	1	1
σύμφωνος	1	1
συγγνώμη	1	1
ἄγαμος	1	4
ἐπισπάομαι	1	1
ἀπελεύθερος	1	1
λύσις	1	1
βρόχος	1	1
εὐπάρεδρον	1	1
ἀπερισπάστως	1	1
ὑπέρακμος	1	1
εἰδωλεῖον	1	1
ἐγκοπή	1	1
παρεδρεύω	1	1
συμμερίζομαι	1	1
ἄκων	1	1
ἀδάπανος	1	1
ἀδήλως	1	1
πυκτεύω	1	1
δουλαγωγέω	1	1
καταστρώννυμι	1	1
ἐπιθυμητής	1	1
παίζω	1	1
ὀλοθρευτής	1	1
μάκελλον	1	1
ἀκατακάλυπτος	1	2
κατακαλύπτομαι	1	3
κομάω	1	2
κόμη	1	1
φιλόνεικος	1	1
ἀναξίως	1	1
διαίρεσις	1	3
ἐνέργημα	1	2
ἴαμα	1	3
ὄσφρησις	1	1
ἀσχήμων	1	1
εὐσχημοσύνη	1	1
ἀντίλημψις	1	1
κυβέρνησις	1	1
ἠχέω	1	1
κύμβαλον	1	1
χρηστεύομαι	1	1
περπερεύομαι	1	1
αἴνιγμα	1	1
παραμυθία	1	1
ἄψυχος	1	1
αὐλός	1	1
εὔσημος	1	1
φρήν	1	2
νηπιάζω	1	1
ἑτερόγλωσσος	1	1
διερμηνευτής	1	1
ὡσπερεί	1	1
ἔκτρωμα	1	1
τάγμα	1	1
νή	1	1
θηριομαχέω	1	1
ἦθος	1	1
ὁμιλία	1	1
ἐκνήφω	1	1
πτηνόν	1	1
χοϊκός	1	4
ἄτομος	1	1
ῥιπή	1	1
ἀμετακίνητος	1	1
λογεία	1	2
πάροδος	1	1
ἀνδρίζομαι	1	1
Φορτουνᾶτος	1	1
Ἀχαϊκός	1	1
μαράνα	1	1
ἀπόκριμα	1	1
συνυπουργέω	1	1
ἐλαφρία	1	1
ἐπιτιμία	1	1
καπηλεύω	1	1
συστατικός	1	1
ἱκανότης	1	1
ἐντυπόω	1	1
κάλυμμα	1	4
ἀνακαλύπτω	1	2
ἡνίκα	1	2
κατοπτρίζομαι	1	1
ἀπεῖπον	1	1
δολόω	1	1
αὐγάζω	1	1
φωτισμός	1	2
παραυτίκα	1	1
σκῆνος	1	2
ἐπενδύομαι	1	2
ἐνδημέω	1	3
ἐκδημέω	1	3
ἐπακούω	1	1
προσκοπή	1	1
δυσφημία	1	1
εὐφημία	1	1
ἑτεροζυγέω	1	1
μετοχή	1	1
συμφώνησις	1	1
Βελιάρ	1	1
συγκατάθεσις	1	1
ἐμπεριπατέω	1	1
εἰσδέχομαι	1	1
μολυσμός	1	1
ἐπιπόθησις	1	2
ἀγανάκτησις	1	1
αὐθαίρετος	1	2
προενάρχομαι	1	2
πτωχεύω	1	1
ἐλαττονέω	1	1
σπουδαῖος	1	2
συμπέμπω	1	2
ἁδρότης	1	1
G4705	1	1
ἀπαρασκεύαστος	1	1
προκαταρτίζω	1	1
φειδομένως	1	2
προαιρέομαι	1	1
ἱλαρός	1	1
δότης	1	1
πένης	1	1
ἀνεκδιήγητος	1	1
ὀχύρωμα	1	1
ἐκφοβέω	1	1
ἐγκρίνω	1	1
ἄμετρος	1	2
ἐφικνέομαι	1	2
ὑπερεκτείνω	1	1
ὑπερέκεινα	1	1
ἁρμόζομαι	1	1
συλάω	1	1
ἀβαρής	1	1
ψευδαπόστολος	1	1
δόλιος	1	1
παραφρονέω	1	1
ὑπερβαλλόντως	1	1
πεντάκις	1	1
νυχθήμερον	1	1
βυθός	1	1
δίψος	1	1
ἐθνάρχης	1	1
Ἁρέτας	1	1
Δαμασκηνός	1	1
σαργάνη	1	1
ἄρρητος	1	1
σκόλοψ	1	1
ἥδιστα	1	2
ἐπισκηνόω	1	1
ἐκδαπανάομαι	1	1
πανοῦργος	1	1
συναποστέλλω	1	1
ψιθυρισμός	1	1
φυσίωσις	1	1
κατάρτισις	1	1
Ἰουδαϊσμός	1	2
συνηλικιώτης	1	1
πατρικός	1	1
ἱστορέω	1	1
παρείσακτος	1	1
κατασκοπέω	1	1
εἴκω	1	1
συνυποκρίνομαι	1	1
ὀρθοποδέω	1	1
ἐθνικῶς	1	1
Ἰουδαϊκῶς	1	1
ἰουδαΐζω	1	1
Γαλάτης	1	1
βασκαίνω	1	1
προευαγγελίζομαι	1	1
ἐπιδιατάσσομαι	1	1
προκυρόω	1	1
προθεσμία	1	1
ἐκπτύω	1	1
μορφόω	1	1
ἀλληγορέω	1	1
Ἁγάρ	1	2
συστοιχέω	1	1
πεισμονή	1	1
δάκνω	1	1
κενόδοξος	1	1
προκαλέομαι	1	1
φθονέω	1	1
φρεναπατάω	1	1
μυκτηρίζω	1	1
εὐπροσωπέω	1	1
στίγμα	1	1
κληρόω	1	1
προελπίζω	1	1
μέγεθος	1	1
ἄθεος	1	1
μεσότοιχον	1	1
συμπολίτης	1	1
συνοικοδομέω	1	1
σύσσωμος	1	1
G1647	1	1
πολυποίκιλος	1	1
ἐξισχύω	1	1
ἑνότης	1	2
αἰχμαλωτεύω	1	1
κατώτερος	1	1
καταρτισμός	1	1
κλυδωνίζομαι	1	1
κυβεία	1	1
ἀπαλγέω	1	1
G4387	1	1
ἀνανεόω	1	1
ἐπιδύω	1	1
παροργισμός	1	1
αἰσχρότης	1	1
μωρολογία	1	1
εὐτραπελία	1	1
κρυφῇ	1	1
ἐπιφαύσκω	1	1
ἄσοφος	1	1
ῥυτίς	1	1
μακροχρόνιος	1	1
εὔνοια	1	1
πάλη	1	1
κοσμοκράτωρ	1	1
ἑτοιμασία	1	1
θυρεός	1	1
βέλος	1	1
προσκαρτέρησις	1	1
ἄνοιξις	1	1
αἴσθησις	1	1
ἁγνῶς	1	1
πτύρομαι	1	1
παραμύθιον	1	1
σύμψυχος	1	1
κενοδοξία	1	1
ἁρπαγμός	1	1
ὑπερυψόω	1	1
καταχθόνιος	1	1
ἀπουσία	1	1
εὐψυχέω	1	1
ἰσόψυχος	1	1
γνησίως	1	1
παραπλήσιον	1	1
G4708	1	1
ἀλυπότερος	1	1
παραβολεύομαι	1	1
κατατομή	1	1
ὀκταήμερος	1	1
σκύβαλον	1	1
συμμορφίζομαι	1	1
ἐξανάστασις	1	1
ἐπεκτείνομαι	1	1
σκοπός	1	1
ἑτέρως	1	1
συμμιμητής	1	1
πολίτευμα	1	1
ἐπιπόθητος	1	1
Εὐοδία	1	1
Συντύχη	1	1
σύζυγος	1	1
Κλήμης	1	1
προσφιλής	1	1
εὔφημος	1	1
μεγάλως	1	1
ἀναθάλλω	1	1
ἀκαιρέομαι	1	1
αὐτάρκης	1	1
μυέομαι	1	1
Φιλιππήσιος	1	1
λῆμψις	1	1
Κολοσσαί	1	1
προακούω	1	1
ἀρεσκεία	1	1
ὁρατός	1	1
πρωτεύω	1	1
εἰρηνοποιέω	1	1
μετακινέω	1	1
ἀνταναπληρόω	1	1
πιθανολογία	1	1
στερέωμα	1	1
συλαγωγέω	1	1
φιλοσοφία	1	1
θεότης	1	1
σωματικῶς	1	1
ἀπέκδυσις	1	1
χειρόγραφον	1	1
προσηλόω	1	1
νουμηνία	1	1
καταβραβεύω	1	1
ἐμβατεύω	1	1
δογματίζομαι	1	1
ἀπόχρησις	1	1
ἐθελοθρησκία	1	1
ἀφειδία	1	1
πλησμονή	1	1
αἰσχρολογία	1	1
Σκύθης	1	1
μομφή	1	1
βραβεύω	1	1
εὐχάριστος	1	1
ἀθυμέω	1	1
ἀνταπόδοσις	1	1
ἀνεψιός	1	1
παρηγορία	1	1
Ἱεράπολις	1	1
Νύμφας	1	1
Λαοδικεύς	1	1
ἐξηχέομαι	1	1
ἀναμένω	1	1
προπάσχω	1	1
κολακεία	1	1
τροφός	1	1
ὁμείρομαι	1	1
ὁσίως	1	1
συμφυλέτης	1	1
ἐκδιώκω	1	1
ἀπορφανίζω	1	1
σαίνομαι	1	1
G5233	1	1
θεοδίδακτος	1	1
περιλείπομαι	1	2
κέλευσμα	1	1
ἄτακτος	1	1
ὀλιγόψυχος	1	1
ὁλοτελής	1	1
ὑπεραυξάνω	1	1
ἔνδειγμα	1	1
τίνω	1	1
ἐνδοξάζομαι	1	2
ἀτάκτως	1	2
ἀτακτέω	1	1
περιεργάζομαι	1	1
καλοποιέω	1	1
σημειόομαι	1	1
ἀπέραντος	1	1
ματαιολογία	1	1
πατρολῴας	1	1
μητρολῴας	1	1
ἀνδροφόνος	1	1
ἀνδραποδιστής	1	1
ἐπίορκος	1	1
διώκτης	1	1
ὑπερπλεονάζω	1	1
ἤρεμος	1	1
ἀντίλυτρον	1	1
καταστολή	1	1
πλέγμα	1	1
θεοσέβεια	1	1
αὐθεντέω	1	1
τεκνογονία	1	1
νεόφυτος	1	1
δίλογος	1	1
βαθμός	1	1
ἑδραίωμα	1	1
ὁμολογουμένως	1	1
ῥητῶς	1	1
G5306	1	1
ψευδολόγος	1	1
καυστηριάζω	1	1
μετάλημψις	1	1
ἀπόβλητος	1	1
ἐντρέφομαι	1	1
γραώδης	1	1
γυμνασία	1	1
ἐπιπλήσσω	1	1
ἔκγονον	1	1
ἀμοιβή	1	1
μονόομαι	1	1
καταλέγω	1	1
τεκνοτροφέω	1	1
ξενοδοχέω	1	1
ἐπαρκέω	1	3
καταστρηνιάω	1	1
φλύαρος	1	1
τεκνογονέω	1	1
οἰκοδεσποτέω	1	1
πρόκριμα	1	1
πρόσκλισις	1	1
ὑδροποτέω	1	1
στόμαχος	1	1
ἄλλως	1	1
νοσέω	1	1
λογομαχία	1	1
ὑπόνοια	1	1
διαπαρατριβή	1	1
πορισμός	1	2
διατροφή	1	1
σκέπασμα	1	1
βλαβερός	1	1
φιλαργυρία	1	1
περιπείρω	1	1
πραϋπάθια	1	1
ἀπρόσιτος	1	1
ὑψηλοφρονέω	1	1
ἀδηλότης	1	1
εὐμετάδοτος	1	1
κοινωνικός	1	1
ἀποθησαυρίζω	1	1
ἀντίθεσις	1	1
ψευδώνυμος	1	1
μάμμη	1	1
Λωΐς	1	1
Εὐνίκη	1	1
ἀναζωπυρέω	1	1
δειλία	1	1
σωφρονισμός	1	1
Φύγελος	1	1
Ἑρμογένης	1	1
ἀναψύχω	1	1
βέλτιον	1	1
πραγματεία	1	1
στρατολογέω	1	1
ἀθλέω	1	2
λογομαχέω	1	1
χρήσιμον	1	1
ἀνεπαίσχυντος	1	1
ὀρθοτομέω	1	1
γάγγραινα	1	1
Φίλητος	1	1
νεωτερικός	1	1
ἀπαίδευτος	1	1
G2261	1	1
ἀνεξίκακος	1	1
ἀντιδιατίθεμαι	1	1
ἀνανήφω	1	1
φίλαυτος	1	1
ἄσπονδος	1	1
ἀκρατής	1	1
ἀνήμερος	1	1
ἀφιλάγαθος	1	1
φιλήδονος	1	1
φιλόθεος	1	1
ἀποτρέπομαι	1	1
ἐνδύνω	1	1
γυναικάριον	1	1
μηδέποτε	1	1
Ἰάννης	1	1
Ἰαμβρῆς	1	1
καταφθείρω	1	1
ἔκδηλος	1	1
ἀγωγή	1	1
γόης	1	1
πιστόομαι	1	1
θεόπνευστος	1	1
ἐπανόρθωσις	1	1
ἄρτιος	1	1
ἀκαίρως	1	1
ἐπισωρεύω	1	1
κνήθομαι	1	1
ἀνάλυσις	1	1
Κρήσκης	1	1
Δαλματία	1	1
φαιλόνης	1	1
Κάρπος	1	1
μεμβράνα	1	1
χαλκεύς	1	1
Εὔβουλος	1	1
Πούδης	1	1
Λίνος	1	1
Κλαυδία	1	1
ἀψευδής	1	1
ἐπιδιορθόω	1	1
ὀργίλος	1	1
φιλάγαθος	1	1
ἐγκρατής	1	1
ματαιολόγος	1	1
φρεναπάτης	1	1
ἐπιστομίζω	1	1
Ἰουδαϊκός	1	1
βδελυκτός	1	1
πρεσβῦτις	1	1
κατάστημα	1	1
ἱεροπρεπής	1	1
καλοδιδάσκαλος	1	1
σωφρονίζω	1	1
φίλανδρος	1	1
φιλότεκνος	1	1
οἰκουργός	1	1
ἀφθορία	1	1
ἀκατάγνωστος	1	1
σωφρόνως	1	1
περιούσιος	1	1
περιφρονέω	1	1
στυγητός	1	1
φροντίζω	1	1
αἱρετικός	1	1
ἐκστρέφομαι	1	1
αὐτοκατάκριτος	1	1
Ἀρτεμᾶς	1	1
Νικόπολις	1	1
Ζηνᾶς	1	1
Φιλήμων	1	1
Ἀπφία	1	1
ἄχρηστος	1	1
ἑκούσιος	1	1
ἀποτίνω	1	1
προσοφείλω	1	1
ὀνίνημι	1	1
πολυμερῶς	1	1
πολυτρόπως	1	1
ἀπαύγασμα	1	1
χαρακτήρ	1	1
εὐθύτης	1	1
λειτουργικός	1	1
παραρρέω	1	1
συνεπιμαρτυρέω	1	1
θέλησις	1	1
παραπλησίως	1	1
δήπου	1	1
θεράπων	1	1
παραπικρασμός	1	2
προσοχθίζω	1	2
παραπικραίνω	1	1
κῶλον	1	1
σαββατισμός	1	1
τομώτερος	1	1
διϊκνέομαι	1	1
ἁρμός	1	1
μυελός	1	1
κριτικός	1	1
ἀφανής	1	1
τραχηλίζομαι	1	1
μετριοπαθέω	1	1
ἱκετηρία	1	1
G159	1	1
προσαγορεύω	1	1
δυσερμήνευτος	1	1
ἄπειρος	1	1
ἕξις	1	1
αἰσθητήριον	1	1
παραπίπτω	1	1
ἀνακαινίζω	1	1
ἀνασταυρόω	1	1
παραδειγματίζω	1	1
βοτάνη	1	1
γεωργέω	1	1
καῦσις	1	1
G2229	1	1
G3375	1	1
ἀμετάθετος	1	2
μεσιτεύω	1	1
πρόδρομος	1	1
Σαλήμ	1	2
κοπή	1	1
δεκάτη	1	4
ἀπάτωρ	1	1
ἀμήτωρ	1	1
ἀγενεαλόγητος	1	1
ἀφομοιόω	1	1
ἀκροθίνιον	1	1
γενεαλογέομαι	1	1
δεκατόω	1	2
ἔπος	1	1
Λευιτικός	1	1
ἱερωσύνη	1	3
κατάδηλος	1	1
ἀκατάλυτος	1	1
ἐπεισαγωγή	1	1
ὁρκωμοσία	1	4
ἔγγυος	1	1
ἀπαράβατος	1	1
πήγνυμι	1	1
ἀφανισμός	1	1
θυμιατήριον	1	1
στάμνος	1	1
Χερούβ	1	1
κατασκιάζω	1	1
ἀγνόημα	1	1
διόρθωσις	1	1
δάμαλις	1	1
καθαρότης	1	1
αἱματεκχυσία	1	1
κεφαλίς	1	1
πρόσφατος	1	1
ἀκλινής	1	1
ἐκδοχή	1	1
τιμωρία	1	1
ἐνυβρίζω	1	1
ἄθλησις	1	1
θεατρίζω	1	1
ὑποστολή	1	1
μισθαποδότης	1	1
μηδέπω	1	1
εὐλαβέομαι	1	1
δημιουργός	1	1
ἀναρίθμητος	1	1
τρίμηνον	1	1
διάταγμα	1	1
συγκακουχέομαι	1	1
ἀποβλέπω	1	1
καρτερέω	1	1
πρόσχυσις	1	1
ὀλοθρεύω	1	1
πεῖρα	1	2
συναπόλλυμαι	1	1
κατάσκοπος	1	1
ἐπιλείπω	1	1
Γεδεών	1	1
Βαράκ	1	1
Σαμψών	1	1
Ἰεφθάε	1	1
καταγωνίζομαι	1	1
τυμπανίζω	1	1
ἐμπαιγμός	1	1
πρίζω	1	1
μηλωτή	1	1
αἴγειος	1	1
δέρμα	1	1
προβλέπομαι	1	1
νέφος	1	1
ὄγκος	1	1
εὐπερίστατος	1	1
τελειωτής	1	1
ἀναλογίζομαι	1	1
ἀντικαθίστημι	1	1
ἀνταγωνίζομαι	1	1
ἐκλανθάνω	1	1
ὀλιγωρέω	1	1
νόθος	1	1
G41	1	1
παρίημι	1	1
τροχιά	1	1
πρωτοτόκια	1	1
μετέπειτα	1	1
γνόφος	1	1
θύελλα	1	1
φαντάζομαι	1	1
πανήγυρις	1	1
εὐαρέστως	1	1
καταναλίσκω	1	1
συνδέομαι	1	1
βοηθός	1	1
αἴνεσις	1	1
εὐποιΐα	1	1
ὑπείκω	1	1
ἀλυσιτελής	1	1
ἁπλῶς	1	1
ἔοικα	1	2
ἀνεμίζομαι	1	1
ῥιπίζομαι	1	1
εὐπρέπεια	1	1
μαραίνομαι	1	1
ἀπείραστος	1	1
ἐξέλκω	1	1
ἀποκυέω	1	2
παραλλαγή	1	1
τροπή	1	1
ἀποσκίασμα	1	1
G5036	1	1
ῥυπαρία	1	1
ἔμφυτος	1	1
ἐπιλησμονή	1	1
ποίησις	1	1
θρησκός	1	1
χρυσοδακτύλιος	1	1
προσωπολημπτέω	1	1
ἀνέλεος	1	1
ἐφήμερος	1	1
ἐπιτήδειος	1	1
φρίσσω	1	1
μετάγω	1	2
αὐχέω	1	1
ὕλη	1	1
φλογίζω	1	2
τροχός	1	1
ἐνάλιον	1	1
θανατηφόρος	1	1
ὁμοίωσις	1	1
χρή	1	1
βρύω	1	1
πικρός	1	2
ἁλυκός	1	1
ἐπιστήμων	1	1
δαιμονιώδης	1	1
εὐπειθής	1	1
ἀδιάκριτος	1	1
φιλία	1	1
κενῶς	1	1
ταλαιπωρέω	1	1
γέλως	1	1
κατήφεια	1	1
νομοθέτης	1	1
ὀλολύζω	1	1
σήπω	1	1
σητόβρωτος	1	1
κατιόομαι	1	1
ἀμάω	1	1
βοή	1	1
τρυφάω	1	1
πρόϊμος	1	1
ὄψιμος	1	1
κακοπαθία	1	1
Ἰώβ	1	1
πολύσπλαγχνος	1	1
ἀναγεννάω	1	2
ἀμάραντος	1	1
ἀνεκλάλητος	1	1
ἐξεραυνάω	1	1
προμαρτύρομαι	1	1
ἀναζώννυμι	1	1
τελείως	1	1
ἀπροσωπολήμπτως	1	1
πατροπαράδοτος	1	1
σπορά	1	1
ἀρτιγέννητος	1	1
ἄδολος	1	1
ἱεράτευμα	1	2
βασίλειος	1	1
ἀγαθοποιός	1	1
ἐπικάλυμμα	1	1
ἀδίκως	1	1
κλέος	1	1
ὑπολιμπάνω	1	1
ὑπογραμμός	1	1
ἀντιλοιδορέω	1	1
ἀπογίνομαι	1	1
μώλωψ	1	1
ἐμπλοκή	1	1
περίθεσις	1	1
ἔνδυσις	1	1
πτόησις	1	1
συνοικέω	1	1
γυναικεῖος	1	1
ἀπονέμω	1	1
ὁμόφρων	1	1
συμπαθής	1	1
φιλάδελφος	1	1
ταπεινόφρων	1	1
ῥύπος	1	1
ἐπερώτημα	1	1
ὁπλίζομαι	1	1
ἐπίλοιπος	1	1
βιόω	1	1
οἰνοφλυγία	1	1
πότος	1	1
ἀνάχυσις	1	1
ἐκτενής	1	1
ἀλλοτριεπίσκοπος	1	1
κτίστης	1	1
ἀγαθοποιΐα	1	1
συμπρεσβύτερος	1	1
ἀναγκαστῶς	1	1
αἰσχροκερδῶς	1	1
προθύμως	1	1
ἀρχιποίμην	1	1
ἀμαράντινος	1	1
ἐγκομβόομαι	1	1
κραταιός	1	1
ὠρύομαι	1	1
σθενόω	1	1
ἐπιμαρτυρέω	1	1
συνεκλεκτός	1	1
ἰσότιμος	1	1
μέγιστος	1	1
παρεισφέρω	1	1
μυωπάζω	1	1
λήθη	1	1
ἑκάστοτε	1	1
μνήμη	1	1
ἐπόπτης	1	1
τοιόσδε	1	1
μεγαλοπρεπής	1	1
προφητικός	1	1
αὐχμηρός	1	1
διαυγάζω	1	1
φωσφόρος	1	1
ἐπίλυσις	1	1
ψευδοδιδάσκαλος	1	1
παρεισάγω	1	1
πλαστός	1	1
ἀργέω	1	1
σειρά	1	1
ταρταρόω	1	1
τεφρόω	1	1
βλέμμα	1	1
ἐγκατοικέω	1	1
μιασμός	1	1
τολμητής	1	1
ἅλωσις	1	1
μῶμος	1	1
ἐντρυφάω	1	1
ἀκατάπαυστος	1	1
Βοσόρ	1	1
ἔλεγξις	1	1
παρανομία	1	1
παραφρονία	1	1
μίασμα	1	1
ἐξέραμα	1	1
ὗς	1	1
κυλισμός	1	1
βόρβορος	1	1
κατακλύζω	1	1
βραδύτης	1	1
ῥοιζηδόν	1	1
καυσόομαι	1	2
τήκομαι	1	1
ἀμώμητος	1	1
δυσνόητος	1	1
ἀμαθής	1	1
στρεβλόω	1	1
στηριγμός	1	1
χρῖσμα	1	3
νίκη	1	1
κυρία	1	2
χάρτης	1	1
μειζότερος	1	1
φιλοπρωτεύω	1	1
Διοτρέφης	1	1
ἐπιδέχομαι	1	2
φλυαρέω	1	1
ἐπαγωνίζομαι	1	1
παρεισδύω	1	1
ἐκπορνεύω	1	1
δεῖγμα	1	1
ὑπέχω	1	1
φυσικῶς	1	1
Κόρε	1	1
σπιλάς	1	1
φθινοπωρινός	1	1
ἐπαφρίζω	1	1
πλανήτης	1	1
ἀσεβέω	1	1
γογγυστής	1	1
μεμψίμοιρος	1	1
ἀποδιορίζω	1	1
ἄπταιστος	1	1
Πάτμος	1	1
Σμύρνα	1	1
ποδήρης	1	1
Νικολαΐτης	1	2
G4668	1	1
Ἀντιπᾶς	1	1
Βαλάκ	1	1
Ἰεζάβελ	1	1
νεφρός	1	1
κεραμικός	1	1
ζεστός	1	3
χλιαρός	1	1
ἐμέω	1	1
κολλούριον	1	1
ἐγχρίω	1	1
σάρδιον	1	1
κυκλόθεν	1	3
σμαράγδινος	1	1
κατασφραγίζω	1	1
τόξον	1	1
χοῖνιξ	1	2
κριθή	1	1
τρίχινος	1	1
ὄλυνθος	1	1
Ῥουβήν	1	1
Γάδ	1	1
Ἰσσαχάρ	1	1
ἡμιώριον	1	1
λιβανωτός	1	2
ἄψινθος	1	2
πλήσσω	1	1
Ἀβαδδών	1	1
Ἑλληνικός	1	1
Ἀπολλύων	1	1
ἱππικόν	1	1
πύρινος	1	1
ὑακίνθινος	1	1
θειώδης	1	1
χαλκοῦς	1	1
κλέμμα	1	1
βιβλαρίδιον	1	3
μυκάομαι	1	1
ποταμοφόρητος	1	1
πάρδαλις	1	1
ἄρκος	1	1
ἄκρατος	1	1
βότρυς	1	1
ἀκμάζω	1	1
μασάομαι	1	1
βάτραχος	1	1
Ἁρμαγεδών	1	1
ταλαντιαῖος	1	1
στρῆνος	1	1
διπλόω	1	1
στρηνιάω	1	2
σιρικός	1	1
θύϊνος	1	1
ἐλεφάντινος	1	1
σίδηρος	1	1
μάρμαρος	1	1
κιννάμωμον	1	1
σεμίδαλις	1	1
ῥεδή	1	1
ὀπώρα	1	1
λιπαρός	1	1
τιμιότης	1	1
ὅρμημα	1	1
μουσικός	1	1
σαλπιστής	1	1
ἁλληλουϊά	1	4
μηρός	1	1
πελεκίζω	1	1
Γώγ	1	1
Μαγώγ	1	1
φαρμακός	1	1
κρυσταλλίζω	1	1
τετράγωνος	1	1
ἐνδώμησις	1	1
ὕαλος	1	2
σάπφιρος	1	1
χαλκηδών	1	1
σμάραγδος	1	1
σαρδόνυξ	1	1
G4556	1	1
χρυσόλιθος	1	1
βήρυλλος	1	1
τοπάζιον	1	1
χρυσόπρασος	1	1
ὑάκινθος	1	1
δωδέκατος	1	1
ἀμέθυστος	1	1
διαυγής	1	1
κατάθεμα	1	1
ῥυπαρεύω	1	1
φάρμακος	1	1
